match,teamInnings,battingPos,batsmanName,dismissal,runs,balls,4s,6s,SR
CANADA vs UNITED STATES OF AMERICA,CANADA,1,Aaron Johnson,c NR Kumar b Harmeet Singh,23,16,5,0,143.75
CANADA vs UNITED STATES OF AMERICA,CANADA,2,Navneet Dhaliwal,c Jessy Singh b CJ Anderson,61,44,6,3,138.64
CANADA vs UNITED STATES OF AMERICA,CANADA,3,Pargat Singh,run out (Jessy Singh/Monank Patel),5,7,0,0,71.43
CANADA vs UNITED STATES OF AMERICA,CANADA,4,Nicholas Kirton,c CJ Anderson b Ali Khan,51,31,3,2,164.52
CANADA vs UNITED STATES OF AMERICA,CANADA,5,Shreyas Movva (wk),not out,32,16,2,2,200.00
CANADA vs UNITED STATES OF AMERICA,CANADA,6,Dilpreet Singh,run out (Steven Taylor/Monank Patel),11,5,1,1,220.00
CANADA vs UNITED STATES OF AMERICA,CANADA,7,Dillon Heyliger,not out,1,1,0,0,100.00
CANADA vs UNITED STATES OF AMERICA,UNITED STATES OF AMERICA,1,Steven Taylor,lbw b Kaleem Sana,0,2,0,0,0.00
CANADA vs UNITED STATES OF AMERICA,UNITED STATES OF AMERICA,2,Monank Patel (c & wk),c Shreyas Movva b Dillon Heyliger,16,16,2,0,100.00
CANADA vs UNITED STATES OF AMERICA,UNITED STATES OF AMERICA,3,Andries Gous,c Aaron Johnson b Nikhil Dutta,65,46,7,3,141.30
CANADA vs UNITED STATES OF AMERICA,UNITED STATES OF AMERICA,4,Aaron Jones,not out,94,40,4,10,235.00
CANADA vs UNITED STATES OF AMERICA,UNITED STATES OF AMERICA,5,Corey Anderson,not out,3,5,0,0,60.00
PAPUA NEW GUINEA vs WEST INDIES,PAPUA NEW GUINEA,1,Tony Ura,c Pooran b Romario Shepherd,2,5,0,0,40.00
PAPUA NEW GUINEA vs WEST INDIES,PAPUA NEW GUINEA,2,Assad Vala (c),c Roston Chase b Alzarri Joseph,21,22,2,1,95.45
PAPUA NEW GUINEA vs WEST INDIES,PAPUA NEW GUINEA,3,Lega Siaka,b Akeal Hosein,1,2,0,0,50.00
PAPUA NEW GUINEA vs WEST INDIES,PAPUA NEW GUINEA,4,Sese Bau,b Alzarri Joseph,50,43,6,1,116.28
PAPUA NEW GUINEA vs WEST INDIES,PAPUA NEW GUINEA,5,Hiri Hiri,c Rovman Powell b Motie,2,6,0,0,33.33
PAPUA NEW GUINEA vs WEST INDIES,PAPUA NEW GUINEA,6,Charles Amini,c Pooran b Russell,12,14,0,0,85.71
PAPUA NEW GUINEA vs WEST INDIES,PAPUA NEW GUINEA,7,Kiplin Doriga (wk),not out,27,18,3,0,150.00
PAPUA NEW GUINEA vs WEST INDIES,PAPUA NEW GUINEA,8,Chad Soper,b Russell,10,9,1,0,111.11
PAPUA NEW GUINEA vs WEST INDIES,PAPUA NEW GUINEA,9,Alei Nao,run out (Alzarri Joseph),0,0,0,0,0.00
PAPUA NEW GUINEA vs WEST INDIES,PAPUA NEW GUINEA,10,Kabua Morea,not out,2,2,0,0,100.00
PAPUA NEW GUINEA vs WEST INDIES,WEST INDIES,1,Brandon King,c Lega Siaka b Assad Vala,34,29,7,0,117.24
PAPUA NEW GUINEA vs WEST INDIES,WEST INDIES,2,Johnson Charles,lbw b Alei Nao,0,1,0,0,0.00
PAPUA NEW GUINEA vs WEST INDIES,WEST INDIES,3,Nicholas Pooran (wk),c Tony Ura b John Kariko,27,27,1,2,100.00
PAPUA NEW GUINEA vs WEST INDIES,WEST INDIES,4,Roston Chase,not out,42,27,4,2,155.56
PAPUA NEW GUINEA vs WEST INDIES,WEST INDIES,5,Rovman Powell (c),c Kiplin Doriga b Chad Soper,15,14,2,0,107.14
PAPUA NEW GUINEA vs WEST INDIES,WEST INDIES,6,Sherfane Rutherford,c Kiplin Doriga b Assad Vala,2,7,0,0,28.57
PAPUA NEW GUINEA vs WEST INDIES,WEST INDIES,7,Andre Russell,not out,15,9,0,1,166.67
OMAN vs NAMIBIA,OMAN,1,Kashyap,lbw b Trumpelmann,0,1,0,0,0.00
OMAN vs NAMIBIA,OMAN,2,Naseem Khushi (wk),c Gerhard Erasmus b Trumpelmann,6,6,1,0,100.00
OMAN vs NAMIBIA,OMAN,3,Aqib Ilyas (c),lbw b Trumpelmann,0,1,0,0,0.00
OMAN vs NAMIBIA,OMAN,4,Zeeshan Maqsood,lbw b Bernard Scholtz,22,20,4,0,110.00
OMAN vs NAMIBIA,OMAN,5,Khalid Kail,c and b Wiese,34,39,1,1,87.18
OMAN vs NAMIBIA,OMAN,6,Ayaan Khan,c Jan Frylinck b Gerhard Erasmus,15,21,0,1,71.43
OMAN vs NAMIBIA,OMAN,7,Mohammad Nadeem,lbw b Gerhard Erasmus,6,10,0,0,60.00
OMAN vs NAMIBIA,OMAN,8,Mehran Khan,lbw b Wiese,7,8,1,0,87.50
OMAN vs NAMIBIA,OMAN,9,Shakeel Ahmed,c Trumpelmann b Wiese,11,9,2,0,122.22
OMAN vs NAMIBIA,OMAN,10,Kaleemullah,lbw b Trumpelmann,2,3,0,0,66.67
OMAN vs NAMIBIA,OMAN,11,Bilal Khan,not out,1,1,0,0,100.00
OMAN vs NAMIBIA,NAMIBIA,1,Michael van Lingen,b Bilal Khan,0,2,0,0,0.00
OMAN vs NAMIBIA,NAMIBIA,2,Nikolaas Davin,c Mohammad Nadeem b Aqib Ilyas,24,31,2,1,77.42
OMAN vs NAMIBIA,NAMIBIA,3,Jan Frylinck,b Mehran Khan,45,48,6,0,93.75
OMAN vs NAMIBIA,NAMIBIA,4,Gerhard Erasmus (c),c Zeeshan Maqsood b Ayaan Khan,13,16,1,0,81.25
OMAN vs NAMIBIA,NAMIBIA,5,JJ Smit,c Ayaan Khan b Mehran Khan,8,12,1,0,66.67
OMAN vs NAMIBIA,NAMIBIA,6,David Wiese,not out,9,8,0,1,112.50
OMAN vs NAMIBIA,NAMIBIA,7,Zane Green (wk),lbw b Mehran Khan,0,2,0,0,0.00
OMAN vs NAMIBIA,NAMIBIA,8,Malan Kruger,not out,1,1,0,0,100.00
SRI LANKA vs SOUTH AFRICA,SRI LANKA,1,Pathum Nissanka,c Klaasen b Ottneil Baartman,3,8,0,0,37.50
SRI LANKA vs SOUTH AFRICA,SRI LANKA,2,Kusal Mendis (wk),c Tristan Stubbs b Nortje,19,30,1,0,63.33
SRI LANKA vs SOUTH AFRICA,SRI LANKA,3,Kamindu Mendis,c Reeza Hendricks b Nortje,11,15,1,0,73.33
SRI LANKA vs SOUTH AFRICA,SRI LANKA,4,W Hasaranga (c),st de Kock b Maharaj,0,2,0,0,0.00
SRI LANKA vs SOUTH AFRICA,SRI LANKA,5,Samarawickrama,b Maharaj,0,1,0,0,0.00
SRI LANKA vs SOUTH AFRICA,SRI LANKA,6,Asalanka,c Reeza Hendricks b Nortje,6,9,0,0,66.67
SRI LANKA vs SOUTH AFRICA,SRI LANKA,7,Mathews,c Ottneil Baartman b Nortje,16,16,0,2,100.00
SRI LANKA vs SOUTH AFRICA,SRI LANKA,8,Shanaka,b Rabada,9,10,0,1,90.00
SRI LANKA vs SOUTH AFRICA,SRI LANKA,9,M Theekshana,not out,7,16,1,0,43.75
SRI LANKA vs SOUTH AFRICA,SRI LANKA,10,Matheesha Pathirana,c Markram b Rabada,0,4,0,0,0.00
SRI LANKA vs SOUTH AFRICA,SRI LANKA,11,N Thushara,run out (Nortje/Marco Jansen),0,4,0,0,0.00
SRI LANKA vs SOUTH AFRICA,SOUTH AFRICA,1,Quinton de Kock (wk),c and b W Hasaranga,20,27,0,1,74.07
SRI LANKA vs SOUTH AFRICA,SOUTH AFRICA,2,Reeza Hendricks,c Kamindu Mendis b N Thushara,4,2,1,0,200.00
SRI LANKA vs SOUTH AFRICA,SOUTH AFRICA,3,Aiden Markram (c),c Kamindu Mendis b Shanaka,12,14,0,1,85.71
SRI LANKA vs SOUTH AFRICA,SOUTH AFRICA,4,Tristan Stubbs,c Asalanka b W Hasaranga,13,28,0,0,46.43
SRI LANKA vs SOUTH AFRICA,SOUTH AFRICA,5,Heinrich Klaasen,not out,19,22,1,1,86.36
SRI LANKA vs SOUTH AFRICA,SOUTH AFRICA,6,David Miller,not out,6,6,1,0,100.00
AFGHANISTAN vs UGANDA,AFGHANISTAN,1,Gurbaz (wk),c Riazat Ali Shah b Alpesh Ramjani,76,45,4,4,168.89
AFGHANISTAN vs UGANDA,AFGHANISTAN,2,Ibrahim Zadran,b Masaba,70,46,9,1,152.17
AFGHANISTAN vs UGANDA,AFGHANISTAN,3,Najibullah,c Dinesh Nakrani b Masaba,2,3,0,0,66.67
AFGHANISTAN vs UGANDA,AFGHANISTAN,4,Nabi,not out,14,16,0,0,87.50
AFGHANISTAN vs UGANDA,AFGHANISTAN,5,Gulbadin,c Masaba b Cosmas Kyewuta,4,5,0,0,80.00
AFGHANISTAN vs UGANDA,AFGHANISTAN,6,Azmatullah,c Alpesh Ramjani b Cosmas Kyewuta,5,5,0,0,100.00
AFGHANISTAN vs UGANDA,AFGHANISTAN,7,Rashid Khan (c),not out,2,1,0,0,200.00
AFGHANISTAN vs UGANDA,UGANDA,1,Ronak Patel,b Fazalhaq Farooqi,4,2,1,0,200.00
AFGHANISTAN vs UGANDA,UGANDA,2,Simon Ssesazi (wk),c Fazalhaq Farooqi b Mujeeb,4,4,1,0,100.00
AFGHANISTAN vs UGANDA,UGANDA,3,Roger Mukasa,lbw b Fazalhaq Farooqi,0,1,0,0,0.00
AFGHANISTAN vs UGANDA,UGANDA,4,Riazat Ali Shah,b Fazalhaq Farooqi,11,34,0,0,32.35
AFGHANISTAN vs UGANDA,UGANDA,5,Dinesh Nakrani,b Naveen-ul-Haq,6,8,1,0,75.00
AFGHANISTAN vs UGANDA,UGANDA,6,Alpesh Ramjani,c Gulbadin b Naveen-ul-Haq,0,2,0,0,0.00
AFGHANISTAN vs UGANDA,UGANDA,7,Robinson Obuya,c Gurbaz b Fazalhaq Farooqi,14,25,0,1,56.00
AFGHANISTAN vs UGANDA,UGANDA,8,Brian Masaba (c),c Gurbaz b Fazalhaq Farooqi,0,1,0,0,0.00
AFGHANISTAN vs UGANDA,UGANDA,9,Bilal Hassan,lbw b Rashid Khan,8,16,1,0,50.00
AFGHANISTAN vs UGANDA,UGANDA,10,Cosmas Kyewuta,not out,2,2,0,0,100.00
AFGHANISTAN vs UGANDA,UGANDA,11,Henry Ssenyondo,b Rashid Khan,0,1,0,0,0.00
SCOTLAND vs ENGLAND,SCOTLAND,1,George Munsey,not out,41,31,4,2,132.26
SCOTLAND vs ENGLAND,SCOTLAND,2,Michael Jones,not out,45,30,4,2,150.00
NEPAL vs NETHERLANDS,NEPAL,1,Kushal Bhurtel,lbw b van Beek,7,10,1,0,70.00
NEPAL vs NETHERLANDS,NEPAL,2,Aasif Sheikh (wk),c Kingma b Tim Pringle,4,8,1,0,50.00
NEPAL vs NETHERLANDS,NEPAL,3,Anil Sah,c van Beek b Tim Pringle,11,12,2,0,91.67
NEPAL vs NETHERLANDS,NEPAL,4,Rohit Paudel (c),c Max ODowd b Tim Pringle,35,37,5,0,94.59
NEPAL vs NETHERLANDS,NEPAL,5,Kushal Malla,c Max ODowd b van Meekeren,9,9,1,0,100.00
NEPAL vs NETHERLANDS,NEPAL,6,Dipendra Singh,c van Beek b Bas de Leede,1,6,0,0,16.67
NEPAL vs NETHERLANDS,NEPAL,7,Sompal Kami,b van Meekeren,0,5,0,0,0.00
NEPAL vs NETHERLANDS,NEPAL,8,Gulsan Jha,b van Beek,14,15,0,1,93.33
NEPAL vs NETHERLANDS,NEPAL,9,Karan KC,c Kingma b Bas de Leede,17,12,0,2,141.67
NEPAL vs NETHERLANDS,NEPAL,10,Sagar Dhakal,not out,0,1,0,0,0.00
NEPAL vs NETHERLANDS,NEPAL,11,Abinash Bohara,c and b van Beek,0,1,0,0,0.00
NEPAL vs NETHERLANDS,NETHERLANDS,1,Michael Levitt,c Dipendra Singh b Sompal Kami,1,3,0,0,33.33
NEPAL vs NETHERLANDS,NETHERLANDS,2,Max ODowd,not out,54,48,4,1,112.50
NEPAL vs NETHERLANDS,NETHERLANDS,3,Vikramjit Singh,lbw b Dipendra Singh,22,28,4,0,78.57
NEPAL vs NETHERLANDS,NETHERLANDS,4,Sybrand Engelbrecht,run out (Sompal Kami),14,16,1,0,87.50
NEPAL vs NETHERLANDS,NETHERLANDS,5,Scott Edwards (c & wk),b Abinash Bohara,5,8,0,0,62.50
NEPAL vs NETHERLANDS,NETHERLANDS,6,Bas de Leede,not out,11,10,1,0,110.00
IRELAND vs INDIA,IRELAND,1,Balbirnie,b Arshdeep Singh,5,10,1,0,50.00
IRELAND vs INDIA,IRELAND,2,Stirling (c),c Pant b Arshdeep Singh,2,6,0,0,33.33
IRELAND vs INDIA,IRELAND,3,Lorcan Tucker (wk),b Hardik Pandya,10,13,2,0,76.92
IRELAND vs INDIA,IRELAND,4,Harry Tector,c Kohli b Bumrah,4,16,0,0,25.00
IRELAND vs INDIA,IRELAND,5,Curtis Campher,c Pant b Hardik Pandya,12,8,1,1,150.00
IRELAND vs INDIA,IRELAND,6,Dockrell,c Bumrah b Siraj,3,5,0,0,60.00
IRELAND vs INDIA,IRELAND,7,Delany,run out (Siraj/Pant),26,14,2,2,185.71
IRELAND vs INDIA,IRELAND,8,Mark Adair,c Shivam Dube b Hardik Pandya,3,2,0,0,150.00
IRELAND vs INDIA,IRELAND,9,Barry McCarthy,c and b Axar,0,6,0,0,0.00
IRELAND vs INDIA,IRELAND,10,Joshua Little,b Bumrah,14,13,2,0,107.69
IRELAND vs INDIA,IRELAND,11,Benjamin White,not out,2,4,0,0,50.00
IRELAND vs INDIA,INDIA,1,Rohit Sharma (c),retd hurt,52,37,4,3,140.54
IRELAND vs INDIA,INDIA,2,Virat Kohli,c Benjamin White b Mark Adair,1,5,0,0,20.00
IRELAND vs INDIA,INDIA,3,Rishabh Pant (wk),not out,36,26,3,2,138.46
IRELAND vs INDIA,INDIA,4,Suryakumar Yadav,c Dockrell b Benjamin White,2,4,0,0,50.00
IRELAND vs INDIA,INDIA,5,Shivam Dube,not out,0,2,0,0,0.00
PAPUA NEW GUINEA vs UGANDA,PAPUA NEW GUINEA,1,Assad Vala (c),lbw b Alpesh Ramjani,0,2,0,0,0.00
PAPUA NEW GUINEA vs UGANDA,PAPUA NEW GUINEA,2,Tony Ura,c Mukasa b Cosmas Kyewuta,1,6,0,0,16.67
PAPUA NEW GUINEA vs UGANDA,PAPUA NEW GUINEA,3,Sese Bau,c Mukasa b Juma Miyagi,5,9,1,0,55.56
PAPUA NEW GUINEA vs UGANDA,PAPUA NEW GUINEA,4,Lega Siaka,run out (Cosmas Kyewuta/Simon Ssesazi),12,17,1,0,70.59
PAPUA NEW GUINEA vs UGANDA,PAPUA NEW GUINEA,5,Hiri Hiri,lbw b Nsubuga,15,19,2,0,78.95
PAPUA NEW GUINEA vs UGANDA,PAPUA NEW GUINEA,6,Charles Amini,b Nsubuga,5,14,0,0,35.71
PAPUA NEW GUINEA vs UGANDA,PAPUA NEW GUINEA,7,Kiplin Doriga (wk),lbw b Alpesh Ramjani,12,20,0,1,60.00
PAPUA NEW GUINEA vs UGANDA,PAPUA NEW GUINEA,8,Chad Soper,b Masaba,4,11,0,0,36.36
PAPUA NEW GUINEA vs UGANDA,PAPUA NEW GUINEA,9,Norman Vanua,c Simon Ssesazi b Cosmas Kyewuta,5,10,0,0,50.00
PAPUA NEW GUINEA vs UGANDA,PAPUA NEW GUINEA,10,Alei Nao,b Juma Miyagi,5,6,0,0,83.33
PAPUA NEW GUINEA vs UGANDA,PAPUA NEW GUINEA,11,John Kariko,not out,0,2,0,0,0.00
PAPUA NEW GUINEA vs UGANDA,UGANDA,1,Roger Mukasa,lbw b Alei Nao,0,3,0,0,0.00
PAPUA NEW GUINEA vs UGANDA,UGANDA,2,Simon Ssesazi (wk),lbw b Alei Nao,1,3,0,0,33.33
PAPUA NEW GUINEA vs UGANDA,UGANDA,3,Robinson Obuya,c Assad Vala b Norman Vanua,1,2,0,0,50.00
PAPUA NEW GUINEA vs UGANDA,UGANDA,4,Riazat Ali Shah,c John Kariko b Norman Vanua,33,56,1,0,58.93
PAPUA NEW GUINEA vs UGANDA,UGANDA,5,Alpesh Ramjani,b Chad Soper,8,10,1,0,80.00
PAPUA NEW GUINEA vs UGANDA,UGANDA,6,Dinesh Nakrani,c and b Assad Vala,0,3,0,0,0.00
PAPUA NEW GUINEA vs UGANDA,UGANDA,7,Juma Miyagi,run out (Norman Vanua/Alei Nao),13,16,0,0,81.25
PAPUA NEW GUINEA vs UGANDA,UGANDA,8,Kenneth Waiswa,not out,7,16,0,0,43.75
PAPUA NEW GUINEA vs UGANDA,UGANDA,9,Brian Masaba (c),not out,0,1,0,0,0.00
AUSTRALIA vs OMAN,AUSTRALIA,1,Warner,c Shoaib Khan b Kaleemullah,56,51,6,1,109.80
AUSTRALIA vs OMAN,AUSTRALIA,2,Head,c Khalid Kail b Bilal Khan,12,10,2,0,120.00
AUSTRALIA vs OMAN,AUSTRALIA,3,Mitchell Marsh (c),c Shoaib Khan b Mehran Khan,14,21,2,0,66.67
AUSTRALIA vs OMAN,AUSTRALIA,4,Maxwell,c Aqib Ilyas b Mehran Khan,0,1,0,0,0.00
AUSTRALIA vs OMAN,AUSTRALIA,5,Stoinis,not out,67,36,2,6,186.11
AUSTRALIA vs OMAN,AUSTRALIA,6,Tim David,run out (Ayaan Khan/Pratik Athavale),9,4,2,0,225.00
AUSTRALIA vs OMAN,OMAN,1,Kashyap Prajapati,lbw b Nathan Ellis,7,16,1,0,43.75
AUSTRALIA vs OMAN,OMAN,2,Pratik Athavale (wk),lbw b Starc,0,1,0,0,0.00
AUSTRALIA vs OMAN,OMAN,3,Aqib Ilyas (c),c Wade b Stoinis,18,18,2,1,100.00
AUSTRALIA vs OMAN,OMAN,4,Zeeshan Maqsood,c Wade b Stoinis,1,7,0,0,14.29
AUSTRALIA vs OMAN,OMAN,5,Khalid Kail,c Maxwell b Starc,8,12,1,0,66.67
AUSTRALIA vs OMAN,OMAN,6,Ayaan Khan,c Hazlewood b Zampa,36,30,2,2,120.00
AUSTRALIA vs OMAN,OMAN,7,Shoaib Khan,b Zampa,0,4,0,0,0.00
AUSTRALIA vs OMAN,OMAN,8,Mehran Khan,c Tim David b Stoinis,27,16,1,2,168.75
AUSTRALIA vs OMAN,OMAN,9,Shakeel Ahmed,c Warner b Nathan Ellis,11,10,1,0,110.00
AUSTRALIA vs OMAN,OMAN,10,Kaleemullah,not out,6,4,0,0,150.00
AUSTRALIA vs OMAN,OMAN,11,Bilal Khan,not out,1,2,0,0,50.00
PAKISTAN vs UNITED STATES OF AMERICA,PAKISTAN,1,Rizwan (wk),c Steven Taylor b Netravalkar,9,8,0,1,112.50
PAKISTAN vs UNITED STATES OF AMERICA,PAKISTAN,2,Babar Azam (c),lbw b Jasdeep Singh,44,43,3,2,102.33
PAKISTAN vs UNITED STATES OF AMERICA,PAKISTAN,3,Usman Khan,c NR Kumar b Nosthush Kenjige,3,3,0,0,100.00
PAKISTAN vs UNITED STATES OF AMERICA,PAKISTAN,4,Fakhar Zaman,c Steven Taylor b Ali Khan,11,7,0,1,157.14
PAKISTAN vs UNITED STATES OF AMERICA,PAKISTAN,5,Shadab Khan,c Netravalkar b Nosthush Kenjige,40,25,1,3,160.00
PAKISTAN vs UNITED STATES OF AMERICA,PAKISTAN,6,Azam Khan,lbw b Nosthush Kenjige,0,1,0,0,0.00
PAKISTAN vs UNITED STATES OF AMERICA,PAKISTAN,7,Iftikhar Ahmed,lbw b Netravalkar,18,14,3,0,128.57
PAKISTAN vs UNITED STATES OF AMERICA,PAKISTAN,8,Shaheen Afridi,not out,23,16,1,2,143.75
PAKISTAN vs UNITED STATES OF AMERICA,PAKISTAN,9,Haris Rauf,not out,3,3,0,0,100.00
PAKISTAN vs UNITED STATES OF AMERICA,UNITED STATES OF AMERICA,1,Steven Taylor,c Rizwan b Naseem Shah,12,16,1,0,75.00
PAKISTAN vs UNITED STATES OF AMERICA,UNITED STATES OF AMERICA,2,Monank Patel (c & wk),c Rizwan b Amir,50,38,7,1,131.58
PAKISTAN vs UNITED STATES OF AMERICA,UNITED STATES OF AMERICA,3,Andries Gous,b Haris Rauf,35,26,5,1,134.62
PAKISTAN vs UNITED STATES OF AMERICA,UNITED STATES OF AMERICA,4,Aaron Jones,not out,36,26,2,2,138.46
PAKISTAN vs UNITED STATES OF AMERICA,UNITED STATES OF AMERICA,5,Nitish Kumar,not out,14,14,1,0,100.00
NAMIBIA vs SCOTLAND,NAMIBIA,1,Kotze,c Brandon McMullen b Wheal,0,3,0,0,0.00
NAMIBIA vs SCOTLAND,NAMIBIA,2,Niko Davin,c Bradley Currie b Christopher Sole,20,12,4,0,166.67
NAMIBIA vs SCOTLAND,NAMIBIA,3,Jan Frylinck,b Bradley Currie,12,14,2,0,85.71
NAMIBIA vs SCOTLAND,NAMIBIA,4,Gerhard Erasmus (c),st Matthew Cross b Michael Leask,52,31,5,2,167.74
NAMIBIA vs SCOTLAND,NAMIBIA,5,Malan Kruger,c Michael Jones b Chris Greaves,2,8,0,0,25.00
NAMIBIA vs SCOTLAND,NAMIBIA,6,Zane Green (wk),c Michael Jones b Wheal,28,27,1,1,103.70
NAMIBIA vs SCOTLAND,NAMIBIA,7,Wiese,c Mark Watt b Wheal,14,13,0,1,107.69
NAMIBIA vs SCOTLAND,NAMIBIA,8,Trumpelmann,c Wheal b Bradley Currie,1,2,0,0,50.00
NAMIBIA vs SCOTLAND,NAMIBIA,9,Smit,run out (Michael Jones/Wheal),11,8,0,1,137.50
NAMIBIA vs SCOTLAND,NAMIBIA,10,Bernard Scholtz,not out,6,4,0,0,150.00
NAMIBIA vs SCOTLAND,NAMIBIA,11,Tangeni Lungameni,not out,0,0,0,0,0.00
NAMIBIA vs SCOTLAND,SCOTLAND,1,George Munsey,c Wiese b Tangeni Lungameni,7,15,0,0,46.67
NAMIBIA vs SCOTLAND,SCOTLAND,2,Michael Jones,c Zane Green b Gerhard Erasmus,26,20,3,1,130.00
NAMIBIA vs SCOTLAND,SCOTLAND,3,Brandon McMullen,st Zane Green b Gerhard Erasmus,19,17,2,0,111.76
NAMIBIA vs SCOTLAND,SCOTLAND,4,Richie Berrington (c),not out,47,35,2,2,134.29
NAMIBIA vs SCOTLAND,SCOTLAND,5,Matthew Cross (wk),lbw b Bernard Scholtz,3,5,0,0,60.00
NAMIBIA vs SCOTLAND,SCOTLAND,6,Michael Leask,c Wiese b Trumpelmann,35,17,0,4,205.88
NAMIBIA vs SCOTLAND,SCOTLAND,7,Chris Greaves,not out,4,3,0,0,133.33
CANADA vs IRELAND,CANADA,1,Aaron Johnson,c Curtis Campher b Craig Young,14,13,3,0,107.69
CANADA vs IRELAND,CANADA,2,Navneet Dhaliwal,c Dockrell b Mark Adair,6,10,1,0,60.00
CANADA vs IRELAND,CANADA,3,Pargat Singh,c Joshua Little b Craig Young,18,14,2,0,128.57
CANADA vs IRELAND,CANADA,4,Dilpreet Bajwa,c and b Delany,7,9,1,0,77.78
CANADA vs IRELAND,CANADA,5,Nicholas Kirton,c Balbirnie b Barry McCarthy,49,35,3,2,140.00
CANADA vs IRELAND,CANADA,6,Shreyas Movva (wk),run out (Barry McCarthy/Lorcan Tucker),37,36,3,0,102.78
CANADA vs IRELAND,CANADA,7,Dillon Heyliger,c Joshua Little b Barry McCarthy,0,2,0,0,0.00
CANADA vs IRELAND,CANADA,8,Saad Bin Zafar (c),not out,1,1,0,0,100.00
CANADA vs IRELAND,IRELAND,1,Andrew Balbirnie,c and b Junaid Siddiqui,17,19,1,0,89.47
CANADA vs IRELAND,IRELAND,2,Paul Stirling (c),c Shreyas Movva b J Gordon,9,17,1,0,52.94
CANADA vs IRELAND,IRELAND,3,Lorcan Tucker (wk),run out (Nicholas Kirton/Saad Bin Zafar),10,15,0,0,66.67
CANADA vs IRELAND,IRELAND,4,Harry Tector,b Saad Bin Zafar,7,5,0,0,140.00
CANADA vs IRELAND,IRELAND,5,Curtis Campher,c Aaron Johnson b Dillon Heyliger,4,7,0,0,57.14
CANADA vs IRELAND,IRELAND,6,George Dockrell,not out,30,23,2,1,130.43
CANADA vs IRELAND,IRELAND,7,Gareth Delany,c Shreyas Movva b Dillon Heyliger,3,7,0,0,42.86
CANADA vs IRELAND,IRELAND,8,Mark Adair,c and b J Gordon,34,24,3,1,141.67
CANADA vs IRELAND,IRELAND,9,Barry McCarthy,not out,2,3,0,0,66.67
AFGHANISTAN vs NEW ZEALAND,AFGHANISTAN,1,Gurbaz (wk),b Boult,80,56,5,5,142.86
AFGHANISTAN vs NEW ZEALAND,AFGHANISTAN,2,Ibrahim Zadran,b Matt Henry,44,41,3,2,107.32
AFGHANISTAN vs NEW ZEALAND,AFGHANISTAN,3,Azmatullah,c Lockie Ferguson b Matt Henry,22,13,1,2,169.23
AFGHANISTAN vs NEW ZEALAND,AFGHANISTAN,4,Nabi,c Williamson b Lockie Ferguson,0,1,0,0,0.00
AFGHANISTAN vs NEW ZEALAND,AFGHANISTAN,5,Rashid Khan (c),run out (Conway/Boult),6,5,1,0,120.00
AFGHANISTAN vs NEW ZEALAND,AFGHANISTAN,6,Karim Janat,not out,1,1,0,0,100.00
AFGHANISTAN vs NEW ZEALAND,AFGHANISTAN,7,Gulbadin,c Glenn Phillips b Boult,0,2,0,0,0.00
AFGHANISTAN vs NEW ZEALAND,AFGHANISTAN,8,Najibullah,not out,1,1,0,0,100.00
AFGHANISTAN vs NEW ZEALAND,NEW ZEALAND,1,Finn Allen,b Fazalhaq Farooqi,0,1,0,0,0.00
AFGHANISTAN vs NEW ZEALAND,NEW ZEALAND,2,Devon Conway (wk),c Ibrahim Zadran b Fazalhaq Farooqi,8,10,1,0,80.00
AFGHANISTAN vs NEW ZEALAND,NEW ZEALAND,3,Kane Williamson (c),c Gulbadin b Rashid Khan,9,13,1,0,69.23
AFGHANISTAN vs NEW ZEALAND,NEW ZEALAND,4,Daryl Mitchell,c Gurbaz b Fazalhaq Farooqi,5,5,1,0,100.00
AFGHANISTAN vs NEW ZEALAND,NEW ZEALAND,5,Glenn Phillips,c Rashid Khan b Nabi,18,18,2,0,100.00
AFGHANISTAN vs NEW ZEALAND,NEW ZEALAND,6,Mark Chapman,b Rashid Khan,4,7,0,0,57.14
AFGHANISTAN vs NEW ZEALAND,NEW ZEALAND,7,Michael Bracewell,lbw b Rashid Khan,0,1,0,0,0.00
AFGHANISTAN vs NEW ZEALAND,NEW ZEALAND,8,Mitchell Santner,b Nabi,4,8,0,0,50.00
AFGHANISTAN vs NEW ZEALAND,NEW ZEALAND,9,Matt Henry,c Karim Janat b Fazalhaq Farooqi,12,17,0,1,70.59
AFGHANISTAN vs NEW ZEALAND,NEW ZEALAND,10,Lockie Ferguson,c and b Rashid Khan,2,5,0,0,40.00
AFGHANISTAN vs NEW ZEALAND,NEW ZEALAND,11,Trent Boult,not out,3,7,0,0,42.86
SRI LANKA vs BANGLADESH,SRI LANKA,1,Pathum Nissanka,c Shanto b Mustafizur,47,28,7,1,167.86
SRI LANKA vs BANGLADESH,SRI LANKA,2,Kusal Mendis (wk),b Taskin Ahmed,10,8,2,0,125.00
SRI LANKA vs BANGLADESH,SRI LANKA,3,Kamindu Mendis,c Tanzim Hasan Sakib b Mustafizur,4,5,1,0,80.00
SRI LANKA vs BANGLADESH,SRI LANKA,4,Dhananjaya de Silva,st Litton Das b Rishad Hossain,21,26,1,0,80.77
SRI LANKA vs BANGLADESH,SRI LANKA,5,Asalanka,c Shakib b Rishad Hossain,19,21,1,1,90.48
SRI LANKA vs BANGLADESH,SRI LANKA,6,W Hasaranga (c),c Soumya Sarkar b Rishad Hossain,0,1,0,0,0.00
SRI LANKA vs BANGLADESH,SRI LANKA,7,Mathews,c Mustafizur b Tanzim Hasan Sakib,16,19,1,0,84.21
SRI LANKA vs BANGLADESH,SRI LANKA,8,Shanaka,c Litton Das b Taskin Ahmed,3,7,0,0,42.86
SRI LANKA vs BANGLADESH,SRI LANKA,9,M Theekshana,c Tanzim Hasan Sakib b Mustafizur,0,3,0,0,0.00
SRI LANKA vs BANGLADESH,SRI LANKA,10,Matheesha Pathirana,not out,0,1,0,0,0.00
SRI LANKA vs BANGLADESH,SRI LANKA,11,N Thushara,not out,0,1,0,0,0.00
SRI LANKA vs BANGLADESH,BANGLADESH,1,Tanzid Hasan,b N Thushara,3,6,0,0,50.00
SRI LANKA vs BANGLADESH,BANGLADESH,2,Soumya Sarkar,c W Hasaranga b Dhananjaya de Silva,0,2,0,0,0.00
SRI LANKA vs BANGLADESH,BANGLADESH,3,Litton Das (wk),lbw b W Hasaranga,36,38,2,1,94.74
SRI LANKA vs BANGLADESH,BANGLADESH,4,Najmul Hossain Shanto (c),c Asalanka b N Thushara,7,13,0,0,53.85
SRI LANKA vs BANGLADESH,BANGLADESH,5,Towhid Hridoy,lbw b W Hasaranga,40,20,1,4,200.00
SRI LANKA vs BANGLADESH,BANGLADESH,6,Shakib Al Hasan,c M Theekshana b Matheesha Pathirana,8,14,0,0,57.14
SRI LANKA vs BANGLADESH,BANGLADESH,7,Mahmudullah,not out,16,13,0,1,123.08
SRI LANKA vs BANGLADESH,BANGLADESH,8,Rishad Hossain,b N Thushara,1,3,0,0,33.33
SRI LANKA vs BANGLADESH,BANGLADESH,9,Taskin Ahmed,lbw b N Thushara,0,1,0,0,0.00
SRI LANKA vs BANGLADESH,BANGLADESH,10,Tanzim Hasan Sakib,not out,1,4,0,0,25.00
NETHERLANDS vs SOUTH AFRICA,NETHERLANDS,1,Michael Levitt,c de Kock b Marco Jansen,0,3,0,0,0.00
NETHERLANDS vs SOUTH AFRICA,NETHERLANDS,2,Max ODowd,c Marco Jansen b Ottneil Baartman,2,6,0,0,33.33
NETHERLANDS vs SOUTH AFRICA,NETHERLANDS,3,Vikramjit Singh,b Marco Jansen,12,17,1,0,70.59
NETHERLANDS vs SOUTH AFRICA,NETHERLANDS,4,Sybrand Engelbrecht,c Marco Jansen b Ottneil Baartman,40,45,2,1,88.89
NETHERLANDS vs SOUTH AFRICA,NETHERLANDS,5,Bas de Leede,c David Miller b Nortje,6,16,0,0,37.50
NETHERLANDS vs SOUTH AFRICA,NETHERLANDS,6,Edwards (c & wk),run out (Markram),10,9,0,1,111.11
NETHERLANDS vs SOUTH AFRICA,NETHERLANDS,7,Teja Nidamanuru,c Klaasen b Nortje,0,1,0,0,0.00
NETHERLANDS vs SOUTH AFRICA,NETHERLANDS,8,van Beek,c Nortje b Ottneil Baartman,23,22,3,0,104.55
NETHERLANDS vs SOUTH AFRICA,NETHERLANDS,9,Tim Pringle,c Markram b Ottneil Baartman,0,2,0,0,0.00
NETHERLANDS vs SOUTH AFRICA,NETHERLANDS,10,van Meekeren,not out,1,1,0,0,100.00
NETHERLANDS vs SOUTH AFRICA,SOUTH AFRICA,1,Reeza Hendricks,b van Beek,3,10,0,0,30.00
NETHERLANDS vs SOUTH AFRICA,SOUTH AFRICA,2,Quinton de Kock (wk),run out (van Meekeren/Max ODowd),0,0,0,0,0.00
NETHERLANDS vs SOUTH AFRICA,SOUTH AFRICA,3,Aiden Markram (c),c Edwards b Kingma,0,3,0,0,0.00
NETHERLANDS vs SOUTH AFRICA,SOUTH AFRICA,4,Tristan Stubbs,c van Beek b Bas de Leede,33,37,1,1,89.19
NETHERLANDS vs SOUTH AFRICA,SOUTH AFRICA,5,Heinrich Klaasen,c Tim Pringle b Kingma,4,7,0,0,57.14
NETHERLANDS vs SOUTH AFRICA,SOUTH AFRICA,6,David Miller,not out,59,51,3,4,115.69
NETHERLANDS vs SOUTH AFRICA,SOUTH AFRICA,7,Marco Jansen,b van Beek,3,5,0,0,60.00
NETHERLANDS vs SOUTH AFRICA,SOUTH AFRICA,8,Keshav Maharaj,not out,0,1,0,0,0.00
AUSTRALIA vs ENGLAND,AUSTRALIA,1,Head,b Jofra Archer,34,18,2,3,188.89
AUSTRALIA vs ENGLAND,AUSTRALIA,2,Warner,b Moeen,39,16,2,4,243.75
AUSTRALIA vs ENGLAND,AUSTRALIA,3,Mitchell Marsh (c),st Jos Buttler b Livingstone,35,25,2,2,140.00
AUSTRALIA vs ENGLAND,AUSTRALIA,4,Maxwell,c Salt b Adil Rashid,28,25,3,1,112.00
AUSTRALIA vs ENGLAND,AUSTRALIA,5,Stoinis,c Harry Brook b Chris Jordan,30,17,2,2,176.47
AUSTRALIA vs ENGLAND,AUSTRALIA,6,Tim David,c Livingstone b Chris Jordan,11,8,0,1,137.50
AUSTRALIA vs ENGLAND,AUSTRALIA,7,Wade (wk),not out,17,10,3,0,170.00
AUSTRALIA vs ENGLAND,AUSTRALIA,8,Cummins,run out (Jos Buttler/Chris Jordan),0,1,0,0,0.00
AUSTRALIA vs ENGLAND,AUSTRALIA,9,Mitchell Starc,not out,0,0,0,0,0.00
AUSTRALIA vs ENGLAND,ENGLAND,1,Philip Salt,b Zampa,37,23,4,2,160.87
AUSTRALIA vs ENGLAND,ENGLAND,2,Jos Buttler (c & wk),c Cummins b Zampa,42,28,5,2,150.00
AUSTRALIA vs ENGLAND,ENGLAND,3,Will Jacks,c Mitchell Starc b Stoinis,10,10,1,0,100.00
AUSTRALIA vs ENGLAND,ENGLAND,4,Jonny Bairstow,c Maxwell b Hazlewood,7,13,0,0,53.85
AUSTRALIA vs ENGLAND,ENGLAND,5,Moeen Ali,c Warner b Cummins,25,15,0,3,166.67
AUSTRALIA vs ENGLAND,ENGLAND,6,Harry Brook,not out,20,16,2,0,125.00
AUSTRALIA vs ENGLAND,ENGLAND,7,Liam Livingstone,c Mitchell Starc b Cummins,15,12,0,1,125.00
AUSTRALIA vs ENGLAND,ENGLAND,8,Chris Jordan,not out,1,3,0,0,33.33
WEST INDIES vs UGANDA,WEST INDIES,1,Brandon King,b Alpesh Ramjani,13,8,2,0,162.50
WEST INDIES vs UGANDA,WEST INDIES,2,J Charles,c Alpesh Ramjani b Dinesh Nakrani,44,42,4,2,104.76
WEST INDIES vs UGANDA,WEST INDIES,3,Pooran (wk),c and b Masaba,22,17,0,3,129.41
WEST INDIES vs UGANDA,WEST INDIES,4,Rovman Powell (c),c Robinson Obuya b Masaba,23,18,1,1,127.78
WEST INDIES vs UGANDA,WEST INDIES,5,Sherfane Rutherford,b Cosmas Kyewuta,22,16,2,1,137.50
WEST INDIES vs UGANDA,WEST INDIES,6,Russell,not out,30,17,6,0,176.47
WEST INDIES vs UGANDA,WEST INDIES,7,Romario Shepherd,not out,5,5,0,0,100.00
WEST INDIES vs UGANDA,UGANDA,1,Roger Mukasa,lbw b Akeal Hosein,0,2,0,0,0.00
WEST INDIES vs UGANDA,UGANDA,2,Simon Ssesazi (wk),c Alzarri Joseph b Romario Shepherd,4,3,1,0,133.33
WEST INDIES vs UGANDA,UGANDA,3,Robinson Obuya,b Russell,6,8,1,0,75.00
WEST INDIES vs UGANDA,UGANDA,4,Alpesh Ramjani,lbw b Akeal Hosein,5,6,1,0,83.33
WEST INDIES vs UGANDA,UGANDA,5,Kenneth Waiswa,lbw b Akeal Hosein,1,10,0,0,10.00
WEST INDIES vs UGANDA,UGANDA,6,Riazat Ali Shah,b Akeal Hosein,3,8,0,0,37.50
WEST INDIES vs UGANDA,UGANDA,7,Dinesh Nakrani,b Akeal Hosein,0,2,0,0,0.00
WEST INDIES vs UGANDA,UGANDA,8,Brian Masaba (c),c Pooran b Alzarri Joseph,1,4,0,0,25.00
WEST INDIES vs UGANDA,UGANDA,9,Juma Miyagi,not out,13,20,0,0,65.00
WEST INDIES vs UGANDA,UGANDA,10,Cosmas Kyewuta,lbw b Motie,1,6,0,0,16.67
WEST INDIES vs UGANDA,UGANDA,11,Frank Nsubuga,b Alzarri Joseph,0,3,0,0,0.00
INDIA vs PAKISTAN,INDIA,1,Rohit (c),c Haris Rauf b Shaheen Afridi,13,12,1,1,108.33
INDIA vs PAKISTAN,INDIA,2,Kohli,c Usman Khan b Naseem Shah,4,3,1,0,133.33
INDIA vs PAKISTAN,INDIA,3,Pant (wk),c Babar Azam b Amir,42,31,6,0,135.48
INDIA vs PAKISTAN,INDIA,4,Axar,b Naseem Shah,20,18,2,1,111.11
INDIA vs PAKISTAN,INDIA,5,Suryakumar Yadav,c Amir b Haris Rauf,7,8,1,0,87.50
INDIA vs PAKISTAN,INDIA,6,Shivam Dube,c and b Naseem Shah,3,9,0,0,33.33
INDIA vs PAKISTAN,INDIA,7,Hardik Pandya,c Iftikhar Ahmed b Haris Rauf,7,12,1,0,58.33
INDIA vs PAKISTAN,INDIA,8,Ravindra Jadeja,c Imad Wasim b Amir,0,1,0,0,0.00
INDIA vs PAKISTAN,INDIA,9,Arshdeep Singh,run out (Babar Azam/Rizwan),9,13,1,0,69.23
INDIA vs PAKISTAN,INDIA,10,Bumrah,c Imad Wasim b Haris Rauf,0,1,0,0,0.00
INDIA vs PAKISTAN,INDIA,11,Siraj,not out,7,7,0,0,100.00
INDIA vs PAKISTAN,PAKISTAN,1,Mohammad Rizwan (wk),b Bumrah,31,44,1,1,70.45
INDIA vs PAKISTAN,PAKISTAN,2,Babar Azam (c),c Suryakumar Yadav b Bumrah,13,10,2,0,130.00
INDIA vs PAKISTAN,PAKISTAN,3,Usman Khan,lbw b Axar,13,15,1,0,86.67
INDIA vs PAKISTAN,PAKISTAN,4,Fakhar Zaman,c Pant b Hardik Pandya,13,8,1,1,162.50
INDIA vs PAKISTAN,PAKISTAN,5,Imad Wasim,c Pant b Arshdeep Singh,15,23,1,0,65.22
INDIA vs PAKISTAN,PAKISTAN,6,Shadab Khan,c Pant b Hardik Pandya,4,7,0,0,57.14
INDIA vs PAKISTAN,PAKISTAN,7,Iftikhar Ahmed,c Arshdeep Singh b Bumrah,5,9,0,0,55.56
INDIA vs PAKISTAN,PAKISTAN,8,Shaheen Afridi,not out,0,1,0,0,0.00
INDIA vs PAKISTAN,PAKISTAN,9,Naseem Shah,not out,10,4,2,0,250.00
OMAN vs SCOTLAND,OMAN,1,Pratik Athavale (wk),c Brandon McMullen b Chris Greaves,54,40,5,2,135.00
OMAN vs SCOTLAND,OMAN,2,Naseem Khushi,c Mark Watt b Christopher Sole,10,9,0,1,111.11
OMAN vs SCOTLAND,OMAN,3,Aqib Ilyas (c),lbw b Safyaan Sharif,16,6,2,1,266.67
OMAN vs SCOTLAND,OMAN,4,Zeeshan Maqsood,c Matthew Cross b Mark Watt,3,4,0,0,75.00
OMAN vs SCOTLAND,OMAN,5,Khalid Kail,run out (Christopher Sole/Mark Watt),5,7,0,0,71.43
OMAN vs SCOTLAND,OMAN,6,Ayaan Khan,not out,41,39,4,0,105.13
OMAN vs SCOTLAND,OMAN,7,Mehran Khan,c Matthew Cross b Safyaan Sharif,13,10,2,0,130.00
OMAN vs SCOTLAND,OMAN,8,Rafiullah,c Safyaan Sharif b Wheal,0,3,0,0,0.00
OMAN vs SCOTLAND,OMAN,9,Shakeel Ahmed,not out,3,2,0,0,150.00
OMAN vs SCOTLAND,SCOTLAND,1,George Munsey,c Shakeel Ahmed b Mehran Khan,41,20,2,4,205.00
OMAN vs SCOTLAND,SCOTLAND,2,Michael Jones,c Mehran Khan b Bilal Khan,16,13,1,2,123.08
OMAN vs SCOTLAND,SCOTLAND,3,Brandon McMullen,not out,61,31,9,2,196.77
OMAN vs SCOTLAND,SCOTLAND,4,Richie Berrington (c),b Aqib Ilyas,13,7,1,1,185.71
OMAN vs SCOTLAND,SCOTLAND,5,Matthew Cross (wk),not out,15,8,0,2,187.50
SOUTH AFRICA vs BANGLADESH,SOUTH AFRICA,1,de Kock (wk),b Tanzim Hasan Sakib,18,11,1,2,163.64
SOUTH AFRICA vs BANGLADESH,SOUTH AFRICA,2,Reeza Hendricks,lbw b Tanzim Hasan Sakib,0,1,0,0,0.00
SOUTH AFRICA vs BANGLADESH,SOUTH AFRICA,3,Markram (c),b Taskin Ahmed,4,8,1,0,50.00
SOUTH AFRICA vs BANGLADESH,SOUTH AFRICA,4,Tristan Stubbs,c Shakib b Tanzim Hasan Sakib,0,5,0,0,0.00
SOUTH AFRICA vs BANGLADESH,SOUTH AFRICA,5,Klaasen,b Taskin Ahmed,46,44,2,3,104.55
SOUTH AFRICA vs BANGLADESH,SOUTH AFRICA,6,David Miller,b Rishad Hossain,29,38,1,1,76.32
SOUTH AFRICA vs BANGLADESH,SOUTH AFRICA,7,Marco Jansen,not out,5,5,0,0,100.00
SOUTH AFRICA vs BANGLADESH,SOUTH AFRICA,8,Maharaj,not out,4,8,0,0,50.00
SOUTH AFRICA vs BANGLADESH,BANGLADESH,1,Tanzid Hasan,c de Kock b Rabada,9,9,2,0,100.00
SOUTH AFRICA vs BANGLADESH,BANGLADESH,2,Najmul Hossain Shanto (c),c Markram b Nortje,14,23,0,1,60.87
SOUTH AFRICA vs BANGLADESH,BANGLADESH,3,Litton Das (wk),c David Miller b Maharaj,9,13,1,0,69.23
SOUTH AFRICA vs BANGLADESH,BANGLADESH,4,Shakib Al Hasan,c Markram b Nortje,3,4,0,0,75.00
SOUTH AFRICA vs BANGLADESH,BANGLADESH,5,Towhid Hridoy,lbw b Rabada,37,34,2,2,108.82
SOUTH AFRICA vs BANGLADESH,BANGLADESH,6,Mahmudullah,c Markram b Maharaj,20,27,2,0,74.07
SOUTH AFRICA vs BANGLADESH,BANGLADESH,7,Jaker Ali,c Markram b Maharaj,8,9,0,0,88.89
SOUTH AFRICA vs BANGLADESH,BANGLADESH,8,Rishad Hossain,not out,0,1,0,0,0.00
SOUTH AFRICA vs BANGLADESH,BANGLADESH,9,Taskin Ahmed,not out,1,1,0,0,100.00
CANADA vs PAKISTAN,CANADA,1,Aaron Johnson,b Naseem Shah,52,44,4,4,118.18
CANADA vs PAKISTAN,CANADA,2,Navneet Dhaliwal,b Amir,4,7,1,0,57.14
CANADA vs PAKISTAN,CANADA,3,Pargat Singh,c Fakhar Zaman b Shaheen Afridi,2,6,0,0,33.33
CANADA vs PAKISTAN,CANADA,4,Nicholas Kirton,run out (Imad Wasim),1,6,0,0,16.67
CANADA vs PAKISTAN,CANADA,5,Shreyas Movva (wk),c Rizwan b Haris Rauf,2,9,0,0,22.22
CANADA vs PAKISTAN,CANADA,6,Ravinderpal Singh,c Fakhar Zaman b Haris Rauf,0,2,0,0,0.00
CANADA vs PAKISTAN,CANADA,7,Saad Bin Zafar (c),c Rizwan b Amir,10,21,1,0,47.62
CANADA vs PAKISTAN,CANADA,8,Kaleem Sana,not out,13,14,0,1,92.86
CANADA vs PAKISTAN,CANADA,9,Dillon Heyliger,not out,9,11,1,0,81.82
CANADA vs PAKISTAN,PAKISTAN,1,Mohammad Rizwan (wk),not out,53,53,2,1,100.00
CANADA vs PAKISTAN,PAKISTAN,2,Saim Ayub,c Shreyas Movva b Dillon Heyliger,6,12,0,0,50.00
CANADA vs PAKISTAN,PAKISTAN,3,Babar Azam (c),c Shreyas Movva b Dillon Heyliger,33,33,1,1,100.00
CANADA vs PAKISTAN,PAKISTAN,4,Fakhar Zaman,c (sub)Dilpreet Bajwa b J Gordon,4,6,0,0,66.67
CANADA vs PAKISTAN,PAKISTAN,5,Usman Khan,not out,2,1,0,0,200.00
NAMIBIA vs AUSTRALIA,NAMIBIA,1,Michael van Lingen,c Maxwell b Hazlewood,10,10,2,0,100.00
NAMIBIA vs AUSTRALIA,NAMIBIA,2,Niko Davin,c Maxwell b Hazlewood,2,7,0,0,28.57
NAMIBIA vs AUSTRALIA,NAMIBIA,3,Jan Frylinck,c Mitchell Marsh b Cummins,1,6,0,0,16.67
NAMIBIA vs AUSTRALIA,NAMIBIA,4,Gerhard Erasmus (c),c Maxwell b Stoinis,36,43,4,1,83.72
NAMIBIA vs AUSTRALIA,NAMIBIA,5,Smit,lbw b Nathan Ellis,3,9,0,0,33.33
NAMIBIA vs AUSTRALIA,NAMIBIA,6,Zane Green (wk),lbw b Zampa,1,4,0,0,25.00
NAMIBIA vs AUSTRALIA,NAMIBIA,7,Wiese,c Hazlewood b Zampa,1,7,0,0,14.29
NAMIBIA vs AUSTRALIA,NAMIBIA,8,Trumpelmann,c Maxwell b Zampa,7,7,0,1,100.00
NAMIBIA vs AUSTRALIA,NAMIBIA,9,Bernard Scholtz,b Zampa,0,2,0,0,0.00
NAMIBIA vs AUSTRALIA,NAMIBIA,10,Jack Brassell,not out,2,3,0,0,66.67
NAMIBIA vs AUSTRALIA,NAMIBIA,11,Ben Shikongo,c Tim David b Stoinis,0,4,0,0,0.00
NAMIBIA vs AUSTRALIA,AUSTRALIA,1,David Warner,c Trumpelmann b Wiese,20,8,3,1,250.00
NAMIBIA vs AUSTRALIA,AUSTRALIA,2,Travis Head,not out,34,17,5,2,200.00
NAMIBIA vs AUSTRALIA,AUSTRALIA,3,Mitchell Marsh (c),not out,18,9,3,1,200.00
UNITED STATES OF AMERICA vs INDIA,UNITED STATES OF AMERICA,1,Shayan Jahangir,lbw b Arshdeep Singh,0,1,0,0,0.00
UNITED STATES OF AMERICA vs INDIA,UNITED STATES OF AMERICA,2,Steven Taylor,b Axar,24,30,0,2,80.00
UNITED STATES OF AMERICA vs INDIA,UNITED STATES OF AMERICA,3,Andries Gous (wk),c Hardik Pandya b Arshdeep Singh,2,5,0,0,40.00
UNITED STATES OF AMERICA vs INDIA,UNITED STATES OF AMERICA,4,Aaron Jones (c),c Siraj b Hardik Pandya,11,22,0,1,50.00
UNITED STATES OF AMERICA vs INDIA,UNITED STATES OF AMERICA,5,NR Kumar,c Siraj b Arshdeep Singh,27,23,2,1,117.39
UNITED STATES OF AMERICA vs INDIA,UNITED STATES OF AMERICA,6,CJ Anderson,c Pant b Hardik Pandya,15,12,1,1,125.00
UNITED STATES OF AMERICA vs INDIA,UNITED STATES OF AMERICA,7,Harmeet Singh,c Pant b Arshdeep Singh,10,10,0,1,100.00
UNITED STATES OF AMERICA vs INDIA,UNITED STATES OF AMERICA,8,van Schalkwyk,not out,11,10,1,0,110.00
UNITED STATES OF AMERICA vs INDIA,UNITED STATES OF AMERICA,9,Jasdeep Singh,run out (Pant/Siraj),2,7,0,0,28.57
UNITED STATES OF AMERICA vs INDIA,INDIA,1,Rohit Sharma (c),c Harmeet Singh b Netravalkar,3,6,0,0,50.00
UNITED STATES OF AMERICA vs INDIA,INDIA,2,Virat Kohli,c Andries Gous b Netravalkar,0,1,0,0,0.00
UNITED STATES OF AMERICA vs INDIA,INDIA,3,Rishabh Pant (wk),b Ali Khan,18,20,1,1,90.00
UNITED STATES OF AMERICA vs INDIA,INDIA,4,Suryakumar Yadav,not out,50,49,2,2,102.04
UNITED STATES OF AMERICA vs INDIA,INDIA,5,Shivam Dube,not out,31,35,1,1,88.57
WEST INDIES vs NEW ZEALAND,WEST INDIES,1,Brandon King,c Conway b Neesham,9,12,0,1,75.00
WEST INDIES vs NEW ZEALAND,WEST INDIES,2,J Charles,b Boult,0,5,0,0,0.00
WEST INDIES vs NEW ZEALAND,WEST INDIES,3,Pooran (wk),c Conway b Southee,17,12,3,0,141.67
WEST INDIES vs NEW ZEALAND,WEST INDIES,4,Roston Chase,c Rachin Ravindra b Lockie Ferguson,0,3,0,0,0.00
WEST INDIES vs NEW ZEALAND,WEST INDIES,5,Rovman Powell (c),c Conway b Southee,1,5,0,0,20.00
WEST INDIES vs NEW ZEALAND,WEST INDIES,6,Sherfane Rutherford,not out,68,39,2,6,174.36
WEST INDIES vs NEW ZEALAND,WEST INDIES,7,Akeal Hosein,c Neesham b Santner,15,17,0,1,88.24
WEST INDIES vs NEW ZEALAND,WEST INDIES,8,Russell,c Lockie Ferguson b Boult,14,7,2,1,200.00
WEST INDIES vs NEW ZEALAND,WEST INDIES,9,Romario Shepherd,lbw b Lockie Ferguson,13,13,0,1,100.00
WEST INDIES vs NEW ZEALAND,WEST INDIES,10,Alzarri Joseph,b Boult,6,6,1,0,100.00
WEST INDIES vs NEW ZEALAND,WEST INDIES,11,Motie,not out,0,1,0,0,0.00
WEST INDIES vs NEW ZEALAND,NEW ZEALAND,1,Devon Conway (wk),c Roston Chase b Akeal Hosein,5,8,0,0,62.50
WEST INDIES vs NEW ZEALAND,NEW ZEALAND,2,Finn Allen,c Russell b Alzarri Joseph,26,23,3,1,113.04
WEST INDIES vs NEW ZEALAND,NEW ZEALAND,3,Rachin Ravindra,c Russell b Motie,10,13,0,0,76.92
WEST INDIES vs NEW ZEALAND,NEW ZEALAND,4,Kane Williamson (c),c Pooran b Motie,1,2,0,0,50.00
WEST INDIES vs NEW ZEALAND,NEW ZEALAND,5,Daryl Mitchell,b Motie,12,13,1,0,92.31
WEST INDIES vs NEW ZEALAND,NEW ZEALAND,6,Glenn Phillips,c Rovman Powell b Alzarri Joseph,40,33,3,2,121.21
WEST INDIES vs NEW ZEALAND,NEW ZEALAND,7,James Neesham,c Brandon King b Alzarri Joseph,10,11,0,1,90.91
WEST INDIES vs NEW ZEALAND,NEW ZEALAND,8,Mitchell Santner,not out,21,12,0,3,175.00
WEST INDIES vs NEW ZEALAND,NEW ZEALAND,9,Tim Southee,c and b Alzarri Joseph,0,1,0,0,0.00
WEST INDIES vs NEW ZEALAND,NEW ZEALAND,10,Trent Boult,c Roston Chase b Russell,7,4,0,1,175.00
WEST INDIES vs NEW ZEALAND,NEW ZEALAND,11,Lockie Ferguson,not out,0,0,0,0,0.00
BANGLADESH vs NETHERLANDS,BANGLADESH,1,Tanzid Hasan,c Bas de Leede b van Meekeren,35,26,5,1,134.62
BANGLADESH vs NETHERLANDS,BANGLADESH,2,Shanto (c),c Vikramjit Singh b Aryan Dutt,1,3,0,0,33.33
BANGLADESH vs NETHERLANDS,BANGLADESH,3,Litton Das (wk),c Sybrand Engelbrecht b Aryan Dutt,1,2,0,0,50.00
BANGLADESH vs NETHERLANDS,BANGLADESH,4,Shakib,not out,64,46,9,0,139.13
BANGLADESH vs NETHERLANDS,BANGLADESH,5,Towhid Hridoy,b Tim Pringle,9,15,0,0,60.00
BANGLADESH vs NETHERLANDS,BANGLADESH,6,Mahmudullah,c Sybrand Engelbrecht b van Meekeren,25,21,2,2,119.05
BANGLADESH vs NETHERLANDS,BANGLADESH,7,Jaker Ali,not out,14,7,3,0,200.00
BANGLADESH vs NETHERLANDS,NETHERLANDS,1,Michael Levitt,c Towhid Hridoy b Taskin Ahmed,18,16,2,1,112.50
BANGLADESH vs NETHERLANDS,NETHERLANDS,2,Max ODowd,c and b Tanzim Hasan Sakib,12,16,3,0,75.00
BANGLADESH vs NETHERLANDS,NETHERLANDS,3,Vikramjit Singh,st Litton Das b Mahmudullah,26,16,0,3,162.50
BANGLADESH vs NETHERLANDS,NETHERLANDS,4,Sybrand Engelbrecht,c Tanzim Hasan Sakib b Rishad Hossain,33,22,3,1,150.00
BANGLADESH vs NETHERLANDS,NETHERLANDS,5,Scott Edwards (c & wk),c Jaker Ali b Mustafizur,25,23,3,0,108.70
BANGLADESH vs NETHERLANDS,NETHERLANDS,6,Bas de Leede,st Litton Das b Rishad Hossain,0,2,0,0,0.00
BANGLADESH vs NETHERLANDS,NETHERLANDS,7,Logan van Beek,c and b Rishad Hossain,2,3,0,0,66.67
BANGLADESH vs NETHERLANDS,NETHERLANDS,8,Tim Pringle,b Taskin Ahmed,1,10,0,0,10.00
BANGLADESH vs NETHERLANDS,NETHERLANDS,9,Aryan Dutt,not out,15,12,1,1,125.00
OMAN vs ENGLAND,OMAN,1,Pratik Athavale (wk),c Salt b Jofra Archer,5,3,1,0,166.67
OMAN vs ENGLAND,OMAN,2,Kashyap,c Livingstone b Mark Wood,9,16,0,1,56.25
OMAN vs ENGLAND,OMAN,3,Aqib Ilyas (c),c Will Jacks b Jofra Archer,8,10,1,0,80.00
OMAN vs ENGLAND,OMAN,4,Zeeshan Maqsood,c and b Mark Wood,1,5,0,0,20.00
OMAN vs ENGLAND,OMAN,5,Khalid Kail,st Jos Buttler b Adil Rashid,1,3,0,0,33.33
OMAN vs ENGLAND,OMAN,6,Ayaan Khan,b Mark Wood,1,5,0,0,20.00
OMAN vs ENGLAND,OMAN,7,Shoaib Khan,c Jos Buttler b Jofra Archer,11,23,1,0,47.83
OMAN vs ENGLAND,OMAN,8,Mehran Khan,c Moeen b Adil Rashid,0,2,0,0,0.00
OMAN vs ENGLAND,OMAN,9,Fayyaz Butt,b Adil Rashid,2,7,0,0,28.57
OMAN vs ENGLAND,OMAN,10,Kaleemullah,b Adil Rashid,5,5,1,0,100.00
OMAN vs ENGLAND,OMAN,11,Bilal Khan,not out,0,1,0,0,0.00
OMAN vs ENGLAND,ENGLAND,1,Philip Salt,b Bilal Khan,12,3,0,2,400.00
OMAN vs ENGLAND,ENGLAND,2,Jos Buttler (c & wk),not out,24,8,4,1,300.00
OMAN vs ENGLAND,ENGLAND,3,Will Jacks,c Kashyap b Kaleemullah,5,7,1,0,71.43
OMAN vs ENGLAND,ENGLAND,4,Jonny Bairstow,not out,8,2,2,0,400.00
PAPUA NEW GUINEA vs AFGHANISTAN,PAPUA NEW GUINEA,1,Tony Ura,b Naveen-ul-Haq,11,18,1,0,61.11
PAPUA NEW GUINEA vs AFGHANISTAN,PAPUA NEW GUINEA,2,Assad Vala (c),run out (Fazalhaq Farooqi/Gurbaz),3,2,0,0,150.00
PAPUA NEW GUINEA vs AFGHANISTAN,PAPUA NEW GUINEA,3,Lega Siaka,c Gurbaz b Fazalhaq Farooqi,0,1,0,0,0.00
PAPUA NEW GUINEA vs AFGHANISTAN,PAPUA NEW GUINEA,4,Sese Bau,c Gurbaz b Fazalhaq Farooqi,0,1,0,0,0.00
PAPUA NEW GUINEA vs AFGHANISTAN,PAPUA NEW GUINEA,5,Hiri Hiri,b Naveen-ul-Haq,1,3,0,0,33.33
PAPUA NEW GUINEA vs AFGHANISTAN,PAPUA NEW GUINEA,6,Chad Soper,run out (Noor Ahmad/Rashid Khan),9,26,0,0,34.62
PAPUA NEW GUINEA vs AFGHANISTAN,PAPUA NEW GUINEA,7,Kiplin Doriga (wk),lbw b Noor Ahmad,27,32,2,0,84.38
PAPUA NEW GUINEA vs AFGHANISTAN,PAPUA NEW GUINEA,8,Norman Vanua,run out (Rashid Khan),0,7,0,0,0.00
PAPUA NEW GUINEA vs AFGHANISTAN,PAPUA NEW GUINEA,9,Alei Nao,c Rashid Khan b Fazalhaq Farooqi,13,19,2,0,68.42
PAPUA NEW GUINEA vs AFGHANISTAN,PAPUA NEW GUINEA,10,John Kariko,not out,4,7,1,0,57.14
PAPUA NEW GUINEA vs AFGHANISTAN,PAPUA NEW GUINEA,11,Semo Kamea,run out (Gurbaz),2,3,0,0,66.67
PAPUA NEW GUINEA vs AFGHANISTAN,AFGHANISTAN,1,Rahmanullah Gurbaz (wk),b Alei Nao,11,7,1,1,157.14
PAPUA NEW GUINEA vs AFGHANISTAN,AFGHANISTAN,2,Ibrahim Zadran,b Semo Kamea,0,7,0,0,0.00
PAPUA NEW GUINEA vs AFGHANISTAN,AFGHANISTAN,3,Gulbadin Naib,not out,49,36,4,2,136.11
PAPUA NEW GUINEA vs AFGHANISTAN,AFGHANISTAN,4,Azmatullah Omarzai,b Norman Vanua,13,18,1,0,72.22
PAPUA NEW GUINEA vs AFGHANISTAN,AFGHANISTAN,5,Mohammad Nabi,not out,16,23,1,0,69.57
SOUTH AFRICA vs NEPAL,SOUTH AFRICA,1,Reeza Hendricks,c and b Dipendra Singh,43,49,5,1,87.76
SOUTH AFRICA vs NEPAL,SOUTH AFRICA,2,de Kock (wk),c and b Dipendra Singh,10,11,1,0,90.91
SOUTH AFRICA vs NEPAL,SOUTH AFRICA,3,Markram (c),b Kushal Bhurtel,15,22,2,0,68.18
SOUTH AFRICA vs NEPAL,SOUTH AFRICA,4,Klaasen,c Karan KC b Kushal Bhurtel,3,5,0,0,60.00
SOUTH AFRICA vs NEPAL,SOUTH AFRICA,5,David Miller,c Lamichhane b Dipendra Singh,7,10,0,0,70.00
SOUTH AFRICA vs NEPAL,SOUTH AFRICA,6,Tristan Stubbs,not out,27,18,2,1,150.00
SOUTH AFRICA vs NEPAL,SOUTH AFRICA,7,Marco Jansen,c Anil Sah b Kushal Bhurtel,1,4,0,0,25.00
SOUTH AFRICA vs NEPAL,SOUTH AFRICA,8,Rabada,st Aasif Sheikh b Kushal Bhurtel,0,1,0,0,0.00
SOUTH AFRICA vs NEPAL,NEPAL,1,Kushal Bhurtel,b Shamsi,13,21,1,1,61.90
SOUTH AFRICA vs NEPAL,NEPAL,2,Aasif Sheikh (wk),b Shamsi,42,49,4,1,85.71
SOUTH AFRICA vs NEPAL,NEPAL,3,Rohit Paudel (c),b Shamsi,0,2,0,0,0.00
SOUTH AFRICA vs NEPAL,NEPAL,4,Anil Sah,c Marco Jansen b Markram,27,24,3,1,112.50
SOUTH AFRICA vs NEPAL,NEPAL,5,Dipendra Singh Airee,c de Kock b Shamsi,6,11,0,0,54.55
SOUTH AFRICA vs NEPAL,NEPAL,6,Kushal Malla,b Nortje,1,3,0,0,33.33
SOUTH AFRICA vs NEPAL,NEPAL,7,Gulsan Jha,run out (Klaasen),6,6,1,0,100.00
SOUTH AFRICA vs NEPAL,NEPAL,8,Sompal Kami,not out,8,4,0,1,200.00
UGANDA vs NEW ZEALAND,UGANDA,1,Ronak Patel,c Conway b Santner,2,20,0,0,10.00
UGANDA vs NEW ZEALAND,UGANDA,2,Simon Ssesazi,lbw b Boult,0,1,0,0,0.00
UGANDA vs NEW ZEALAND,UGANDA,3,Robinson Obuya,b Boult,0,1,0,0,0.00
UGANDA vs NEW ZEALAND,UGANDA,4,Alpesh Ramjani,lbw b Southee,0,6,0,0,0.00
UGANDA vs NEW ZEALAND,UGANDA,5,K Waiswa,b Lockie Ferguson,11,18,2,0,61.11
UGANDA vs NEW ZEALAND,UGANDA,6,Riazat Ali Shah,c Conway b Rachin Ravindra,2,13,0,0,15.38
UGANDA vs NEW ZEALAND,UGANDA,7,Dinesh Nakrani,c Glenn Phillips b Rachin Ravindra,4,13,0,0,30.77
UGANDA vs NEW ZEALAND,UGANDA,8,Masaba (c),not out,3,20,0,0,15.00
UGANDA vs NEW ZEALAND,UGANDA,9,Achelam (wk),lbw b Southee,9,13,1,0,69.23
UGANDA vs NEW ZEALAND,UGANDA,10,Juma Miyagi,lbw b Southee,0,1,0,0,0.00
UGANDA vs NEW ZEALAND,UGANDA,11,Cosmas Kyewuta,c Daryl Mitchell b Santner,1,6,0,0,16.67
UGANDA vs NEW ZEALAND,NEW ZEALAND,1,Finn Allen,c Achelam b Riazat Ali Shah,9,17,1,0,52.94
UGANDA vs NEW ZEALAND,NEW ZEALAND,2,Devon Conway (wk),not out,22,15,4,0,146.67
UGANDA vs NEW ZEALAND,NEW ZEALAND,3,Rachin Ravindra,not out,1,1,0,0,100.00
ENGLAND vs NAMIBIA,ENGLAND,1,Salt,c Zane Green b Wiese,11,8,2,0,137.50
ENGLAND vs NAMIBIA,ENGLAND,2,Jos Buttler (c & wk),b Trumpelmann,0,4,0,0,0.00
ENGLAND vs NAMIBIA,ENGLAND,3,Bairstow,c Zane Green b Bernard Scholtz,31,18,3,2,172.22
ENGLAND vs NAMIBIA,ENGLAND,4,Harry Brook,not out,47,20,4,2,235.00
ENGLAND vs NAMIBIA,ENGLAND,5,Moeen,c Niko Davin b Trumpelmann,16,6,0,2,266.67
ENGLAND vs NAMIBIA,ENGLAND,6,Livingstone,run out (Trumpelmann/Zane Green),13,4,0,2,325.00
ENGLAND vs NAMIBIA,NAMIBIA,1,Michael van Lingen,c Harry Brook b Chris Jordan,33,29,1,3,113.79
ENGLAND vs NAMIBIA,NAMIBIA,2,Nikolaas Davin,retd out,18,16,1,1,112.50
ENGLAND vs NAMIBIA,NAMIBIA,3,David Wiese,c Harry Brook b Jofra Archer,27,12,2,2,225.00
ENGLAND vs NAMIBIA,NAMIBIA,4,Gerhard Erasmus (c),not out,1,3,0,0,33.33
ENGLAND vs NAMIBIA,NAMIBIA,5,JJ Smit,not out,0,1,0,0,0.00
SCOTLAND vs AUSTRALIA,SCOTLAND,1,Munsey,c Nathan Ellis b Maxwell,35,23,2,3,152.17
SCOTLAND vs AUSTRALIA,SCOTLAND,2,Michael Jones,b Agar,2,3,0,0,66.67
SCOTLAND vs AUSTRALIA,SCOTLAND,3,Brandon McMullen,c Mitchell Starc b Zampa,60,34,2,6,176.47
SCOTLAND vs AUSTRALIA,SCOTLAND,4,Berrington (c),not out,42,31,1,2,135.48
SCOTLAND vs AUSTRALIA,SCOTLAND,5,Matthew Cross (wk),c Agar b Maxwell,18,11,1,1,163.64
SCOTLAND vs AUSTRALIA,SCOTLAND,6,Michael Leask,c Mitchell Starc b Nathan Ellis,5,8,0,0,62.50
SCOTLAND vs AUSTRALIA,SCOTLAND,7,Chris Greaves,not out,9,10,0,0,90.00
SCOTLAND vs AUSTRALIA,AUSTRALIA,1,Travis Head,c Michael Jones b Safyaan Sharif,68,49,5,4,138.78
SCOTLAND vs AUSTRALIA,AUSTRALIA,2,David Warner,c Berrington b Wheal,1,4,0,0,25.00
SCOTLAND vs AUSTRALIA,AUSTRALIA,3,Mitchell Marsh (c),c (sub)Charlie Tear b Safyaan Sharif,8,9,1,0,88.89
SCOTLAND vs AUSTRALIA,AUSTRALIA,4,Glenn Maxwell,b Mark Watt,11,8,0,1,137.50
SCOTLAND vs AUSTRALIA,AUSTRALIA,5,Marcus Stoinis,b Mark Watt,59,29,9,2,203.45
SCOTLAND vs AUSTRALIA,AUSTRALIA,6,Tim David,not out,24,14,2,1,171.43
SCOTLAND vs AUSTRALIA,AUSTRALIA,7,Matthew Wade (wk),not out,4,5,0,0,80.00
IRELAND vs PAKISTAN,IRELAND,1,Balbirnie,b Shaheen Afridi,0,3,0,0,0.00
IRELAND vs PAKISTAN,IRELAND,2,Stirling (c),c Rizwan b Amir,1,2,0,0,50.00
IRELAND vs PAKISTAN,IRELAND,3,Lorcan Tucker (wk),c Rizwan b Shaheen Afridi,2,2,0,0,100.00
IRELAND vs PAKISTAN,IRELAND,4,Harry Tector,lbw b Shaheen Afridi,0,6,0,0,0.00
IRELAND vs PAKISTAN,IRELAND,5,Curtis Campher,c Saim Ayub b Haris Rauf,7,14,1,0,50.00
IRELAND vs PAKISTAN,IRELAND,6,Dockrell,c and b Amir,11,10,2,0,110.00
IRELAND vs PAKISTAN,IRELAND,7,Delany,c Shadab Khan b Imad Wasim,31,19,1,3,163.16
IRELAND vs PAKISTAN,IRELAND,8,Mark Adair,c Shaheen Afridi b Imad Wasim,15,19,2,0,78.95
IRELAND vs PAKISTAN,IRELAND,9,Barry McCarthy,b Imad Wasim,2,7,0,0,28.57
IRELAND vs PAKISTAN,IRELAND,10,Joshua Little,not out,22,18,2,1,122.22
IRELAND vs PAKISTAN,IRELAND,11,Benjamin White,not out,5,20,0,0,25.00
IRELAND vs PAKISTAN,PAKISTAN,1,Mohammad Rizwan (wk),c Mark Adair b Barry McCarthy,17,16,3,0,106.25
IRELAND vs PAKISTAN,PAKISTAN,2,Saim Ayub,c Lorcan Tucker b Mark Adair,17,17,2,1,100.00
IRELAND vs PAKISTAN,PAKISTAN,3,Babar Azam (c),not out,32,34,2,0,94.12
IRELAND vs PAKISTAN,PAKISTAN,4,Fakhar Zaman,c (sub)Ross Adair b Curtis Campher,5,9,0,0,55.56
IRELAND vs PAKISTAN,PAKISTAN,5,Usman Khan,c Harry Tector b Barry McCarthy,2,3,0,0,66.67
IRELAND vs PAKISTAN,PAKISTAN,6,Shadab Khan,c Lorcan Tucker b Barry McCarthy,0,2,0,0,0.00
IRELAND vs PAKISTAN,PAKISTAN,7,Imad Wasim,c Harry Tector b Curtis Campher,4,6,1,0,66.67
IRELAND vs PAKISTAN,PAKISTAN,8,Abbas Afridi,c (sub)Ross Adair b Benjamin White,17,21,1,1,80.95
IRELAND vs PAKISTAN,PAKISTAN,9,Shaheen Afridi,not out,13,5,0,2,260.00
BANGLADESH vs NEPAL,BANGLADESH,1,Tanzid Hasan,c and b Sompal Kami,0,1,0,0,0.00
BANGLADESH vs NEPAL,BANGLADESH,2,Litton Das (wk),c Aasif Sheikh b Sompal Kami,10,12,1,0,83.33
BANGLADESH vs NEPAL,BANGLADESH,3,Shanto (c),b Dipendra Singh,4,5,0,0,80.00
BANGLADESH vs NEPAL,BANGLADESH,4,Shakib,lbw b Rohit Paudel,17,22,2,0,77.27
BANGLADESH vs NEPAL,BANGLADESH,5,Towhid Hridoy,c Lamichhane b Rohit Paudel,9,7,2,0,128.57
BANGLADESH vs NEPAL,BANGLADESH,6,Mahmudullah,run out (Gulsan Jha/Lamichhane),13,13,2,0,100.00
BANGLADESH vs NEPAL,BANGLADESH,7,Jaker Ali,b Lamichhane,12,26,0,0,46.15
BANGLADESH vs NEPAL,BANGLADESH,8,Tanzim Hasan Sakib,b Lamichhane,3,5,0,0,60.00
BANGLADESH vs NEPAL,BANGLADESH,9,Rishad Hossain,c Anil Sah b Dipendra Singh,13,7,1,1,185.71
BANGLADESH vs NEPAL,BANGLADESH,10,Taskin Ahmed,not out,12,15,2,0,80.00
BANGLADESH vs NEPAL,BANGLADESH,11,Mustafizur,run out (Rohit Paudel/Dipendra Singh),3,4,0,0,75.00
BANGLADESH vs NEPAL,NEPAL,1,Kushal Bhurtel,b Tanzim Hasan Sakib,4,8,1,0,50.00
BANGLADESH vs NEPAL,NEPAL,2,Aasif Sheikh (wk),c Shakib b Mustafizur,17,14,4,0,121.43
BANGLADESH vs NEPAL,NEPAL,3,Anil Sah,c Shanto b Tanzim Hasan Sakib,0,2,0,0,0.00
BANGLADESH vs NEPAL,NEPAL,4,Rohit Paudel (c),c Rishad Hossain b Tanzim Hasan Sakib,1,6,0,0,16.67
BANGLADESH vs NEPAL,NEPAL,5,Sundeep Jora,c Rishad Hossain b Tanzim Hasan Sakib,1,8,0,0,12.50
BANGLADESH vs NEPAL,NEPAL,6,Kushal Malla,c Shanto b Mustafizur,27,40,1,1,67.50
BANGLADESH vs NEPAL,NEPAL,7,Dipendra Singh Airee,c Litton Das b Mustafizur,25,31,2,1,80.65
BANGLADESH vs NEPAL,NEPAL,8,Gulsan Jha,c Towhid Hridoy b Taskin Ahmed,0,4,0,0,0.00
BANGLADESH vs NEPAL,NEPAL,9,Sompal Kami,st Litton Das b Shakib,0,2,0,0,0.00
BANGLADESH vs NEPAL,NEPAL,10,Sandeep Lamichhane,not out,0,0,0,0,0.00
BANGLADESH vs NEPAL,NEPAL,11,Abinash Bohara,lbw b Shakib,0,1,0,0,0.00
SRI LANKA vs NETHERLANDS,SRI LANKA,1,Pathum Nissanka,c Sybrand Engelbrecht b Kingma,0,2,0,0,0.00
SRI LANKA vs NETHERLANDS,SRI LANKA,2,Kusal Mendis (wk),c Sybrand Engelbrecht b Aryan Dutt,46,29,5,0,158.62
SRI LANKA vs NETHERLANDS,SRI LANKA,3,Kamindu Mendis,c van Beek b van Meekeren,17,20,1,1,85.00
SRI LANKA vs NETHERLANDS,SRI LANKA,4,Dhananjaya de Silva,c Bas de Leede b Tim Pringle,34,26,3,1,130.77
SRI LANKA vs NETHERLANDS,SRI LANKA,5,Asalanka,c Bas de Leede b van Beek,46,21,1,5,219.05
SRI LANKA vs NETHERLANDS,SRI LANKA,6,Mathews,not out,30,15,1,2,200.00
SRI LANKA vs NETHERLANDS,SRI LANKA,7,Shanaka,c Edwards b van Beek,0,1,0,0,0.00
SRI LANKA vs NETHERLANDS,SRI LANKA,8,W Hasaranga (c),not out,20,6,1,2,333.33
SRI LANKA vs NETHERLANDS,NETHERLANDS,1,Michael Levitt,st Kusal Mendis b M Theekshana,31,23,2,3,134.78
SRI LANKA vs NETHERLANDS,NETHERLANDS,2,Max ODowd,c Kamindu Mendis b N Thushara,11,8,0,1,137.50
SRI LANKA vs NETHERLANDS,NETHERLANDS,3,Vikramjit Singh,c Kamindu Mendis b Shanaka,7,10,0,0,70.00
SRI LANKA vs NETHERLANDS,NETHERLANDS,4,Sybrand Engelbrecht,c Asalanka b Matheesha Pathirana,11,9,0,1,122.22
SRI LANKA vs NETHERLANDS,NETHERLANDS,5,Scott Edwards (c & wk),c M Theekshana b N Thushara,31,24,2,1,129.17
SRI LANKA vs NETHERLANDS,NETHERLANDS,6,Bas de Leede,c Asalanka b W Hasaranga,3,5,0,0,60.00
SRI LANKA vs NETHERLANDS,NETHERLANDS,7,Logan van Beek,run out (Kusal Mendis),0,1,0,0,0.00
SRI LANKA vs NETHERLANDS,NETHERLANDS,8,Tim Pringle,st Kusal Mendis b W Hasaranga,2,4,0,0,50.00
SRI LANKA vs NETHERLANDS,NETHERLANDS,9,Aryan Dutt,b Matheesha Pathirana,10,8,1,0,125.00
SRI LANKA vs NETHERLANDS,NETHERLANDS,10,Paul van Meekeren,lbw b N Thushara,3,8,0,0,37.50
SRI LANKA vs NETHERLANDS,NETHERLANDS,11,Vivian Kingma,not out,1,1,0,0,100.00
PAPUA NEW GUINEA vs NEW ZEALAND,PAPUA NEW GUINEA,1,Tony Ura,c Glenn Phillips b Southee,1,2,0,0,50.00
PAPUA NEW GUINEA vs NEW ZEALAND,PAPUA NEW GUINEA,2,Assad Vala (c),c Daryl Mitchell b Lockie Ferguson,6,16,1,0,37.50
PAPUA NEW GUINEA vs NEW ZEALAND,PAPUA NEW GUINEA,3,Charles Amini,lbw b Lockie Ferguson,17,25,2,0,68.00
PAPUA NEW GUINEA vs NEW ZEALAND,PAPUA NEW GUINEA,4,Sese Bau,c Finn Allen b Santner,12,27,1,0,44.44
PAPUA NEW GUINEA vs NEW ZEALAND,PAPUA NEW GUINEA,5,Hiri Hiri,b Boult,7,11,1,0,63.64
PAPUA NEW GUINEA vs NEW ZEALAND,PAPUA NEW GUINEA,6,Chad Soper,b Lockie Ferguson,1,6,0,0,16.67
PAPUA NEW GUINEA vs NEW ZEALAND,PAPUA NEW GUINEA,7,Kiplin Doriga (wk),b Southee,5,7,1,0,71.43
PAPUA NEW GUINEA vs NEW ZEALAND,PAPUA NEW GUINEA,8,Norman Vanua,c Daryl Mitchell b Boult,14,13,1,1,107.69
PAPUA NEW GUINEA vs NEW ZEALAND,PAPUA NEW GUINEA,9,Alei Nao,c Daryl Mitchell b Ish Sodhi,3,7,0,0,42.86
PAPUA NEW GUINEA vs NEW ZEALAND,PAPUA NEW GUINEA,10,Kabua Morea,st Conway b Ish Sodhi,0,3,0,0,0.00
PAPUA NEW GUINEA vs NEW ZEALAND,PAPUA NEW GUINEA,11,Semo Kamea,not out,1,1,0,0,100.00
PAPUA NEW GUINEA vs NEW ZEALAND,NEW ZEALAND,1,Finn Allen,c Kiplin Doriga b Kabua Morea,0,2,0,0,0.00
PAPUA NEW GUINEA vs NEW ZEALAND,NEW ZEALAND,2,Devon Conway (wk),lbw b Semo Kamea,35,32,2,3,109.38
PAPUA NEW GUINEA vs NEW ZEALAND,NEW ZEALAND,3,Rachin Ravindra,c Semo Kamea b Kabua Morea,6,11,0,0,54.55
PAPUA NEW GUINEA vs NEW ZEALAND,NEW ZEALAND,4,Kane Williamson (c),not out,18,17,2,0,105.88
PAPUA NEW GUINEA vs NEW ZEALAND,NEW ZEALAND,5,Daryl Mitchell,not out,19,12,3,0,158.33
WEST INDIES vs AFGHANISTAN,WEST INDIES,1,Brandon King,b Azmatullah,7,6,1,0,116.67
WEST INDIES vs AFGHANISTAN,WEST INDIES,2,J Charles,c Gulbadin b Naveen-ul-Haq,43,27,8,0,159.26
WEST INDIES vs AFGHANISTAN,WEST INDIES,3,Pooran (wk),run out (Azmatullah),98,53,6,8,184.91
WEST INDIES vs AFGHANISTAN,WEST INDIES,4,Shai Hope,c Najibullah b Gulbadin,25,17,0,2,147.06
WEST INDIES vs AFGHANISTAN,WEST INDIES,5,Rovman Powell (c),c (sub)Nangeyalia Kharote b Gulbadin,26,15,1,2,173.33
WEST INDIES vs AFGHANISTAN,WEST INDIES,6,Russell,not out,3,3,0,0,100.00
WEST INDIES vs AFGHANISTAN,WEST INDIES,7,Sherfane Rutherford,not out,1,1,0,0,100.00
WEST INDIES vs AFGHANISTAN,AFGHANISTAN,1,Rahmanullah Gurbaz (wk),c Russell b Akeal Hosein,0,3,0,0,0.00
WEST INDIES vs AFGHANISTAN,AFGHANISTAN,2,Ibrahim Zadran,c J Charles b Obed McCoy,38,28,5,1,135.71
WEST INDIES vs AFGHANISTAN,AFGHANISTAN,3,Gulbadin Naib,lbw b Motie,7,10,1,0,70.00
WEST INDIES vs AFGHANISTAN,AFGHANISTAN,4,Azmatullah Omarzai,c Rovman Powell b Akeal Hosein,23,19,1,1,121.05
WEST INDIES vs AFGHANISTAN,AFGHANISTAN,5,Najibullah Zadran,c J Charles b Obed McCoy,0,2,0,0,0.00
WEST INDIES vs AFGHANISTAN,AFGHANISTAN,6,Mohammad Nabi,b Obed McCoy,1,4,0,0,25.00
WEST INDIES vs AFGHANISTAN,AFGHANISTAN,7,Karim Janat,run out (Brandon King/Akeal Hosein),14,9,0,1,155.56
WEST INDIES vs AFGHANISTAN,AFGHANISTAN,8,Rashid Khan (c),c Rovman Powell b Russell,18,11,2,1,163.64
WEST INDIES vs AFGHANISTAN,AFGHANISTAN,9,Noor Ahmad,c Sherfane Rutherford b Motie,2,4,0,0,50.00
WEST INDIES vs AFGHANISTAN,AFGHANISTAN,10,Naveen-ul-Haq,c Pooran b Alzarri Joseph,4,6,1,0,66.67
WEST INDIES vs AFGHANISTAN,AFGHANISTAN,11,Fazalhaq Farooqi,not out,0,2,0,0,0.00
SOUTH AFRICA vs UNITED STATES OF AMERICA,SOUTH AFRICA,1,de Kock (wk),c Shayan Jahangir b Harmeet Singh,74,40,7,5,185.00
SOUTH AFRICA vs UNITED STATES OF AMERICA,SOUTH AFRICA,2,Reeza Hendricks,c CJ Anderson b Netravalkar,11,11,0,1,100.00
SOUTH AFRICA vs UNITED STATES OF AMERICA,SOUTH AFRICA,3,Markram (c),c Ali Khan b Netravalkar,46,32,4,1,143.75
SOUTH AFRICA vs UNITED STATES OF AMERICA,SOUTH AFRICA,4,David Miller,c and b Harmeet Singh,0,1,0,0,0.00
SOUTH AFRICA vs UNITED STATES OF AMERICA,SOUTH AFRICA,5,Klaasen,not out,36,22,0,3,163.64
SOUTH AFRICA vs UNITED STATES OF AMERICA,SOUTH AFRICA,6,Tristan Stubbs,not out,20,16,2,0,125.00
SOUTH AFRICA vs UNITED STATES OF AMERICA,UNITED STATES OF AMERICA,1,Steven Taylor,c Klaasen b Rabada,24,14,4,1,171.43
SOUTH AFRICA vs UNITED STATES OF AMERICA,UNITED STATES OF AMERICA,2,Andries Gous (wk),not out,80,47,5,5,170.21
SOUTH AFRICA vs UNITED STATES OF AMERICA,UNITED STATES OF AMERICA,3,Nitish Kumar,c Tristan Stubbs b Rabada,8,6,0,1,133.33
SOUTH AFRICA vs UNITED STATES OF AMERICA,UNITED STATES OF AMERICA,4,Aaron Jones (c),c de Kock b Maharaj,0,5,0,0,0.00
SOUTH AFRICA vs UNITED STATES OF AMERICA,UNITED STATES OF AMERICA,5,Corey Anderson,b Nortje,12,12,0,1,100.00
SOUTH AFRICA vs UNITED STATES OF AMERICA,UNITED STATES OF AMERICA,6,Shayan Jahangir,lbw b Shamsi,3,9,0,0,33.33
SOUTH AFRICA vs UNITED STATES OF AMERICA,UNITED STATES OF AMERICA,7,Harmeet Singh,c Tristan Stubbs b Rabada,38,22,2,3,172.73
SOUTH AFRICA vs UNITED STATES OF AMERICA,UNITED STATES OF AMERICA,8,Jasdeep Singh,not out,2,6,0,0,33.33
WEST INDIES vs ENGLAND,WEST INDIES,1,Brandon King,retd hurt,23,13,3,1,176.92
WEST INDIES vs ENGLAND,WEST INDIES,2,J Charles,c Harry Brook b Moeen,38,34,4,1,111.76
WEST INDIES vs ENGLAND,WEST INDIES,3,Pooran (wk),c Jos Buttler b Jofra Archer,36,32,4,1,112.50
WEST INDIES vs ENGLAND,WEST INDIES,4,Rovman Powell (c),c Mark Wood b Livingstone,36,17,0,5,211.76
WEST INDIES vs ENGLAND,WEST INDIES,5,Russell,c Salt b Adil Rashid,1,2,0,0,50.00
WEST INDIES vs ENGLAND,WEST INDIES,6,Sherfane Rutherford,not out,28,15,1,2,186.67
WEST INDIES vs ENGLAND,WEST INDIES,7,Romario Shepherd,not out,5,7,1,0,71.43
WEST INDIES vs ENGLAND,ENGLAND,1,Philip Salt,not out,87,47,7,5,185.11
WEST INDIES vs ENGLAND,ENGLAND,2,Jos Buttler (c & wk),lbw b Roston Chase,25,22,2,0,113.64
WEST INDIES vs ENGLAND,ENGLAND,3,Moeen Ali,c J Charles b Russell,13,10,2,0,130.00
WEST INDIES vs ENGLAND,ENGLAND,4,Jonny Bairstow,not out,48,26,5,2,184.62
INDIA vs AFGHANISTAN,INDIA,1,Rohit (c),c Rashid Khan b Fazalhaq Farooqi,8,13,1,0,61.54
INDIA vs AFGHANISTAN,INDIA,2,Kohli,c Nabi b Rashid Khan,24,24,0,1,100.00
INDIA vs AFGHANISTAN,INDIA,3,Pant (wk),lbw b Rashid Khan,20,11,4,0,181.82
INDIA vs AFGHANISTAN,INDIA,4,Suryakumar Yadav,c Nabi b Fazalhaq Farooqi,53,28,5,3,189.29
INDIA vs AFGHANISTAN,INDIA,5,Shivam Dube,lbw b Rashid Khan,10,7,0,1,142.86
INDIA vs AFGHANISTAN,INDIA,6,Hardik Pandya,c Azmatullah b Naveen-ul-Haq,32,24,3,2,133.33
INDIA vs AFGHANISTAN,INDIA,7,Ravindra Jadeja,c Gulbadin b Fazalhaq Farooqi,7,5,1,0,140.00
INDIA vs AFGHANISTAN,INDIA,8,Axar,run out (Gurbaz/Naveen-ul-Haq),12,6,2,0,200.00
INDIA vs AFGHANISTAN,INDIA,9,Arshdeep Singh,not out,2,2,0,0,100.00
INDIA vs AFGHANISTAN,AFGHANISTAN,1,Rahmanullah Gurbaz (wk),c Pant b Bumrah,11,8,1,1,137.50
INDIA vs AFGHANISTAN,AFGHANISTAN,2,Hazratullah Zazai,c Ravindra Jadeja b Bumrah,2,4,0,0,50.00
INDIA vs AFGHANISTAN,AFGHANISTAN,3,Ibrahim Zadran,c Rohit b Axar,8,11,1,0,72.73
INDIA vs AFGHANISTAN,AFGHANISTAN,4,Gulbadin Naib,c Pant b Kuldeep Yadav,17,21,1,1,80.95
INDIA vs AFGHANISTAN,AFGHANISTAN,5,Azmatullah Omarzai,c Axar b Ravindra Jadeja,26,20,2,1,130.00
INDIA vs AFGHANISTAN,AFGHANISTAN,6,Najibullah Zadran,c Arshdeep Singh b Bumrah,19,17,0,2,111.76
INDIA vs AFGHANISTAN,AFGHANISTAN,7,Mohammad Nabi,c Ravindra Jadeja b Kuldeep Yadav,14,14,0,1,100.00
INDIA vs AFGHANISTAN,AFGHANISTAN,8,Rashid Khan (c),c Ravindra Jadeja b Arshdeep Singh,2,6,0,0,33.33
INDIA vs AFGHANISTAN,AFGHANISTAN,9,Noor Ahmad,c Rohit b Arshdeep Singh,12,18,1,1,66.67
INDIA vs AFGHANISTAN,AFGHANISTAN,10,Naveen-ul-Haq,c Pant b Arshdeep Singh,0,1,0,0,0.00
INDIA vs AFGHANISTAN,AFGHANISTAN,11,Fazalhaq Farooqi,not out,4,1,1,0,400.00
BANGLADESH vs AUSTRALIA,BANGLADESH,1,Tanzid Hasan,b Mitchell Starc,0,3,0,0,0.00
BANGLADESH vs AUSTRALIA,BANGLADESH,2,Litton Das (wk),b Zampa,16,25,2,0,64.00
BANGLADESH vs AUSTRALIA,BANGLADESH,3,Shanto (c),lbw b Zampa,41,36,5,1,113.89
BANGLADESH vs AUSTRALIA,BANGLADESH,4,Rishad Hossain,c Zampa b Maxwell,2,4,0,0,50.00
BANGLADESH vs AUSTRALIA,BANGLADESH,5,Towhid Hridoy,c Hazlewood b Cummins,40,28,2,2,142.86
BANGLADESH vs AUSTRALIA,BANGLADESH,6,Shakib,c and b Stoinis,8,10,0,0,80.00
BANGLADESH vs AUSTRALIA,BANGLADESH,7,Mahmudullah,b Cummins,2,3,0,0,66.67
BANGLADESH vs AUSTRALIA,BANGLADESH,8,Mahedi Hasan,c Zampa b Cummins,0,1,0,0,0.00
BANGLADESH vs AUSTRALIA,BANGLADESH,9,Taskin Ahmed,not out,13,7,1,0,185.71
BANGLADESH vs AUSTRALIA,BANGLADESH,10,Tanzim Hasan Sakib,not out,4,3,0,0,133.33
BANGLADESH vs AUSTRALIA,AUSTRALIA,1,David Warner,not out,53,35,5,3,151.43
BANGLADESH vs AUSTRALIA,AUSTRALIA,2,Travis Head,b Rishad Hossain,31,21,3,2,147.62
BANGLADESH vs AUSTRALIA,AUSTRALIA,3,Mitchell Marsh (c),lbw b Rishad Hossain,1,6,0,0,16.67
BANGLADESH vs AUSTRALIA,AUSTRALIA,4,Glenn Maxwell,not out,14,6,1,1,233.33
SOUTH AFRICA vs ENGLAND,SOUTH AFRICA,1,Reeza Hendricks,c Harry Brook b Moeen,19,25,1,0,76.00
SOUTH AFRICA vs ENGLAND,SOUTH AFRICA,2,de Kock (wk),c Jos Buttler b Jofra Archer,65,38,4,4,171.05
SOUTH AFRICA vs ENGLAND,SOUTH AFRICA,3,Klaasen,run out (Jos Buttler),8,13,1,0,61.54
SOUTH AFRICA vs ENGLAND,SOUTH AFRICA,4,David Miller,c Harry Brook b Jofra Archer,43,28,4,2,153.57
SOUTH AFRICA vs ENGLAND,SOUTH AFRICA,5,Markram (c),b Adil Rashid,1,2,0,0,50.00
SOUTH AFRICA vs ENGLAND,SOUTH AFRICA,6,Tristan Stubbs,not out,12,11,1,0,109.09
SOUTH AFRICA vs ENGLAND,SOUTH AFRICA,7,Marco Jansen,c Sam Curran b Jofra Archer,0,1,0,0,0.00
SOUTH AFRICA vs ENGLAND,SOUTH AFRICA,8,Maharaj,not out,5,2,1,0,250.00
SOUTH AFRICA vs ENGLAND,ENGLAND,1,Philip Salt,c Reeza Hendricks b Rabada,11,8,1,1,137.50
SOUTH AFRICA vs ENGLAND,ENGLAND,2,Jos Buttler (c & wk),c Klaasen b Maharaj,17,20,1,0,85.00
SOUTH AFRICA vs ENGLAND,ENGLAND,3,Jonny Bairstow,c Nortje b Maharaj,16,20,1,0,80.00
SOUTH AFRICA vs ENGLAND,ENGLAND,4,Moeen Ali,c Maharaj b Ottneil Baartman,9,10,0,0,90.00
SOUTH AFRICA vs ENGLAND,ENGLAND,5,Harry Brook,c Markram b Nortje,53,37,7,0,143.24
SOUTH AFRICA vs ENGLAND,ENGLAND,6,Liam Livingstone,c Tristan Stubbs b Rabada,33,17,3,2,194.12
SOUTH AFRICA vs ENGLAND,ENGLAND,7,Sam Curran,not out,10,7,1,0,142.86
SOUTH AFRICA vs ENGLAND,ENGLAND,8,Jofra Archer,not out,1,2,0,0,50.00
UNITED STATES OF AMERICA vs WEST INDIES,UNITED STATES OF AMERICA,1,Steven Taylor,c Roston Chase b Russell,2,7,0,0,28.57
UNITED STATES OF AMERICA vs WEST INDIES,UNITED STATES OF AMERICA,2,Andries Gous (wk),c Shai Hope b Alzarri Joseph,29,16,3,1,181.25
UNITED STATES OF AMERICA vs WEST INDIES,UNITED STATES OF AMERICA,3,NR Kumar,lbw b Motie,20,19,2,0,105.26
UNITED STATES OF AMERICA vs WEST INDIES,UNITED STATES OF AMERICA,4,Aaron Jones (c),b Roston Chase,11,11,0,1,100.00
UNITED STATES OF AMERICA vs WEST INDIES,UNITED STATES OF AMERICA,5,CJ Anderson,lbw b Roston Chase,7,15,0,0,46.67
UNITED STATES OF AMERICA vs WEST INDIES,UNITED STATES OF AMERICA,6,Milind Kumar,run out (Motie/Russell),19,21,1,0,90.48
UNITED STATES OF AMERICA vs WEST INDIES,UNITED STATES OF AMERICA,7,Harmeet Singh,c J Charles b Roston Chase,0,1,0,0,0.00
UNITED STATES OF AMERICA vs WEST INDIES,UNITED STATES OF AMERICA,8,van Schalkwyk,c J Charles b Russell,18,17,3,0,105.88
UNITED STATES OF AMERICA vs WEST INDIES,UNITED STATES OF AMERICA,9,Nosthush Kenjige,c Pooran b Alzarri Joseph,1,3,0,0,33.33
UNITED STATES OF AMERICA vs WEST INDIES,UNITED STATES OF AMERICA,10,Ali Khan,not out,14,6,1,1,233.33
UNITED STATES OF AMERICA vs WEST INDIES,UNITED STATES OF AMERICA,11,Netravalkar,c Rovman Powell b Russell,0,4,0,0,0.00
UNITED STATES OF AMERICA vs WEST INDIES,WEST INDIES,1,Shai Hope,not out,82,39,4,8,210.26
UNITED STATES OF AMERICA vs WEST INDIES,WEST INDIES,2,Johnson Charles,c Milind Kumar b Harmeet Singh,15,14,2,0,107.14
UNITED STATES OF AMERICA vs WEST INDIES,WEST INDIES,3,Nicholas Pooran (wk),not out,27,12,1,3,225.00
INDIA vs BANGLADESH,INDIA,1,Rohit (c),c Jaker Ali b Shakib,23,11,3,1,209.09
INDIA vs BANGLADESH,INDIA,2,Kohli,b Tanzim Hasan Sakib,37,28,1,3,132.14
INDIA vs BANGLADESH,INDIA,3,Pant (wk),c Tanzim Hasan Sakib b Rishad Hossain,36,24,4,2,150.00
INDIA vs BANGLADESH,INDIA,4,Suryakumar Yadav,c Litton Das b Tanzim Hasan Sakib,6,2,0,1,300.00
INDIA vs BANGLADESH,INDIA,5,Shivam Dube,b Rishad Hossain,34,24,0,3,141.67
INDIA vs BANGLADESH,INDIA,6,Hardik Pandya,not out,50,27,4,3,185.19
INDIA vs BANGLADESH,INDIA,7,Axar,not out,3,5,0,0,60.00
INDIA vs BANGLADESH,BANGLADESH,1,Litton Das (wk),c Suryakumar Yadav b Hardik Pandya,13,10,1,1,130.00
INDIA vs BANGLADESH,BANGLADESH,2,Tanzid Hasan,lbw b Kuldeep Yadav,29,31,4,0,93.55
INDIA vs BANGLADESH,BANGLADESH,3,Najmul Hossain Shanto (c),c Arshdeep Singh b Bumrah,40,32,1,3,125.00
INDIA vs BANGLADESH,BANGLADESH,4,Towhid Hridoy,lbw b Kuldeep Yadav,4,6,0,0,66.67
INDIA vs BANGLADESH,BANGLADESH,5,Shakib Al Hasan,c Rohit b Kuldeep Yadav,11,7,1,1,157.14
INDIA vs BANGLADESH,BANGLADESH,6,Mahmudullah,c Axar b Arshdeep Singh,13,15,1,0,86.67
INDIA vs BANGLADESH,BANGLADESH,7,Jaker Ali,c Kohli b Arshdeep Singh,1,4,0,0,25.00
INDIA vs BANGLADESH,BANGLADESH,8,Rishad Hossain,c Rohit b Bumrah,24,10,1,3,240.00
INDIA vs BANGLADESH,BANGLADESH,9,Mahedi Hasan,not out,5,4,1,0,125.00
INDIA vs BANGLADESH,BANGLADESH,10,Tanzim Hasan Sakib,not out,1,1,0,0,100.00
AFGHANISTAN vs AUSTRALIA,AFGHANISTAN,1,Gurbaz (wk),c Warner b Stoinis,60,49,4,4,122.45
AFGHANISTAN vs AUSTRALIA,AFGHANISTAN,2,Ibrahim Zadran,c Mitchell Marsh b Zampa,51,48,6,0,106.25
AFGHANISTAN vs AUSTRALIA,AFGHANISTAN,3,Azmatullah,b Zampa,2,3,0,0,66.67
AFGHANISTAN vs AUSTRALIA,AFGHANISTAN,4,Karim Janat,c Tim David b Cummins,13,9,0,1,144.44
AFGHANISTAN vs AUSTRALIA,AFGHANISTAN,5,Rashid Khan (c),c Tim David b Cummins,2,5,0,0,40.00
AFGHANISTAN vs AUSTRALIA,AFGHANISTAN,6,Nabi,not out,10,4,2,0,250.00
AFGHANISTAN vs AUSTRALIA,AFGHANISTAN,7,Gulbadin,c Maxwell b Cummins,0,1,0,0,0.00
AFGHANISTAN vs AUSTRALIA,AFGHANISTAN,8,Nangeyalia Kharote,not out,1,1,0,0,100.00
AFGHANISTAN vs AUSTRALIA,AUSTRALIA,1,Travis Head,b Naveen-ul-Haq,0,3,0,0,0.00
AFGHANISTAN vs AUSTRALIA,AUSTRALIA,2,David Warner,c Noor Ahmad b Nabi,3,8,0,0,37.50
AFGHANISTAN vs AUSTRALIA,AUSTRALIA,3,Mitchell Marsh (c),c Nabi b Naveen-ul-Haq,12,9,2,0,133.33
AFGHANISTAN vs AUSTRALIA,AUSTRALIA,4,Glenn Maxwell,c Noor Ahmad b Gulbadin,59,41,6,3,143.90
AFGHANISTAN vs AUSTRALIA,AUSTRALIA,5,Marcus Stoinis,c Gurbaz b Gulbadin,11,17,1,0,64.71
AFGHANISTAN vs AUSTRALIA,AUSTRALIA,6,Tim David,lbw b Gulbadin,2,4,0,0,50.00
AFGHANISTAN vs AUSTRALIA,AUSTRALIA,7,Matthew Wade (wk),c Karim Janat b Rashid Khan,5,7,0,0,71.43
AFGHANISTAN vs AUSTRALIA,AUSTRALIA,8,Pat Cummins,b Gulbadin,3,9,0,0,33.33
AFGHANISTAN vs AUSTRALIA,AUSTRALIA,9,Ashton Agar,c Gulbadin b Naveen-ul-Haq,2,5,0,0,40.00
AFGHANISTAN vs AUSTRALIA,AUSTRALIA,10,Adam Zampa,c Nabi b Azmatullah,9,7,1,0,128.57
AFGHANISTAN vs AUSTRALIA,AUSTRALIA,11,Josh Hazlewood,not out,5,7,0,0,71.43
UNITED STATES OF AMERICA vs ENGLAND,UNITED STATES OF AMERICA,1,Steven Taylor,c Moeen b Sam Curran,12,13,2,0,92.31
UNITED STATES OF AMERICA vs ENGLAND,UNITED STATES OF AMERICA,2,Andries Gous (wk),c Salt b R Topley,8,5,0,1,160.00
UNITED STATES OF AMERICA vs ENGLAND,UNITED STATES OF AMERICA,3,NR Kumar,b Adil Rashid,30,24,1,2,125.00
UNITED STATES OF AMERICA vs ENGLAND,UNITED STATES OF AMERICA,4,Aaron Jones (c),b Adil Rashid,10,16,2,0,62.50
UNITED STATES OF AMERICA vs ENGLAND,UNITED STATES OF AMERICA,5,CJ Anderson,c Harry Brook b Chris Jordan,29,28,0,1,103.57
UNITED STATES OF AMERICA vs ENGLAND,UNITED STATES OF AMERICA,6,Milind Kumar,c Jos Buttler b Livingstone,4,6,0,0,66.67
UNITED STATES OF AMERICA vs ENGLAND,UNITED STATES OF AMERICA,7,Harmeet Singh,c Chris Jordan b Sam Curran,21,17,2,1,123.53
UNITED STATES OF AMERICA vs ENGLAND,UNITED STATES OF AMERICA,8,van Schalkwyk,not out,0,0,0,0,0.00
UNITED STATES OF AMERICA vs ENGLAND,UNITED STATES OF AMERICA,9,Ali Khan,b Chris Jordan,0,2,0,0,0.00
UNITED STATES OF AMERICA vs ENGLAND,UNITED STATES OF AMERICA,10,Nosthush Kenjige,lbw b Chris Jordan,0,1,0,0,0.00
UNITED STATES OF AMERICA vs ENGLAND,UNITED STATES OF AMERICA,11,Netravalkar,b Chris Jordan,0,1,0,0,0.00
UNITED STATES OF AMERICA vs ENGLAND,ENGLAND,1,Philip Salt,not out,25,21,2,0,119.05
UNITED STATES OF AMERICA vs ENGLAND,ENGLAND,2,Jos Buttler (c & wk),not out,83,38,6,7,218.42
WEST INDIES vs SOUTH AFRICA,WEST INDIES,1,K Mayers,c Tristan Stubbs b Shamsi,35,34,3,2,102.94
WEST INDIES vs SOUTH AFRICA,WEST INDIES,2,Shai Hope,c Tristan Stubbs b Marco Jansen,0,1,0,0,0.00
WEST INDIES vs SOUTH AFRICA,WEST INDIES,3,Pooran (wk),c Marco Jansen b Markram,1,3,0,0,33.33
WEST INDIES vs SOUTH AFRICA,WEST INDIES,4,Roston Chase,c Rabada b Shamsi,52,42,3,2,123.81
WEST INDIES vs SOUTH AFRICA,WEST INDIES,5,Rovman Powell (c),st de Kock b Maharaj,1,2,0,0,50.00
WEST INDIES vs SOUTH AFRICA,WEST INDIES,6,Sherfane Rutherford,c Markram b Shamsi,0,4,0,0,0.00
WEST INDIES vs SOUTH AFRICA,WEST INDIES,7,Russell,run out (Nortje),15,9,0,2,166.67
WEST INDIES vs SOUTH AFRICA,WEST INDIES,8,Akeal Hosein,c and b Rabada,6,11,1,0,54.55
WEST INDIES vs SOUTH AFRICA,WEST INDIES,9,Alzarri Joseph,not out,11,7,0,1,157.14
WEST INDIES vs SOUTH AFRICA,WEST INDIES,10,Motie,not out,4,7,1,0,57.14
WEST INDIES vs SOUTH AFRICA,SOUTH AFRICA,1,Quinton de Kock (wk),c Sherfane Rutherford b Russell,12,7,3,0,171.43
WEST INDIES vs SOUTH AFRICA,SOUTH AFRICA,2,Reeza Hendricks,c Pooran b Russell,0,1,0,0,0.00
WEST INDIES vs SOUTH AFRICA,SOUTH AFRICA,3,Aiden Markram (c),c K Mayers b Alzarri Joseph,18,15,2,0,120.00
WEST INDIES vs SOUTH AFRICA,SOUTH AFRICA,4,Tristan Stubbs,c K Mayers b Roston Chase,29,27,4,0,107.41
WEST INDIES vs SOUTH AFRICA,SOUTH AFRICA,5,Heinrich Klaasen,c Pooran b Alzarri Joseph,22,10,3,1,220.00
WEST INDIES vs SOUTH AFRICA,SOUTH AFRICA,6,David Miller,b Roston Chase,4,14,0,0,28.57
WEST INDIES vs SOUTH AFRICA,SOUTH AFRICA,7,Marco Jansen,not out,21,14,1,1,150.00
WEST INDIES vs SOUTH AFRICA,SOUTH AFRICA,8,Keshav Maharaj,c Alzarri Joseph b Roston Chase,2,6,0,0,33.33
WEST INDIES vs SOUTH AFRICA,SOUTH AFRICA,9,Kagiso Rabada,not out,5,3,1,0,166.67
INDIA vs AUSTRALIA,INDIA,1,Rohit (c),b Mitchell Starc,92,41,7,8,224.39
INDIA vs AUSTRALIA,INDIA,2,Kohli,c Tim David b Hazlewood,0,5,0,0,0.00
INDIA vs AUSTRALIA,INDIA,3,Pant (wk),c Hazlewood b Stoinis,15,14,1,1,107.14
INDIA vs AUSTRALIA,INDIA,4,Suryakumar Yadav,c Wade b Mitchell Starc,31,16,3,2,193.75
INDIA vs AUSTRALIA,INDIA,5,Shivam Dube,c Warner b Stoinis,28,22,2,1,127.27
INDIA vs AUSTRALIA,INDIA,6,Hardik Pandya,not out,27,17,1,2,158.82
INDIA vs AUSTRALIA,INDIA,7,Ravindra Jadeja,not out,9,5,0,1,180.00
INDIA vs AUSTRALIA,AUSTRALIA,1,David Warner,c Suryakumar Yadav b Arshdeep Singh,6,6,1,0,100.00
INDIA vs AUSTRALIA,AUSTRALIA,2,Travis Head,c Rohit b Bumrah,76,43,9,4,176.74
INDIA vs AUSTRALIA,AUSTRALIA,3,Mitchell Marsh (c),c Axar b Kuldeep Yadav,37,28,3,2,132.14
INDIA vs AUSTRALIA,AUSTRALIA,4,Glenn Maxwell,b Kuldeep Yadav,20,12,2,1,166.67
INDIA vs AUSTRALIA,AUSTRALIA,5,Marcus Stoinis,c Hardik Pandya b Axar,2,4,0,0,50.00
INDIA vs AUSTRALIA,AUSTRALIA,6,Tim David,c Bumrah b Arshdeep Singh,15,11,1,1,136.36
INDIA vs AUSTRALIA,AUSTRALIA,7,Matthew Wade (wk),c Kuldeep Yadav b Arshdeep Singh,1,2,0,0,50.00
INDIA vs AUSTRALIA,AUSTRALIA,8,Pat Cummins,not out,11,7,0,1,157.14
INDIA vs AUSTRALIA,AUSTRALIA,9,Mitchell Starc,not out,4,7,0,0,57.14
AFGHANISTAN vs BANGLADESH,AFGHANISTAN,1,Gurbaz (wk),c Soumya Sarkar b Rishad Hossain,43,55,3,1,78.18
AFGHANISTAN vs BANGLADESH,AFGHANISTAN,2,Ibrahim Zadran,c Tanzim Hasan Sakib b Rishad Hossain,18,29,1,0,62.07
AFGHANISTAN vs BANGLADESH,AFGHANISTAN,3,Azmatullah,c Litton Das b Mustafizur,10,12,0,0,83.33
AFGHANISTAN vs BANGLADESH,AFGHANISTAN,4,Gulbadin,c Soumya Sarkar b Rishad Hossain,4,3,1,0,133.33
AFGHANISTAN vs BANGLADESH,AFGHANISTAN,5,Nabi,c Shanto b Taskin Ahmed,1,5,0,0,20.00
AFGHANISTAN vs BANGLADESH,AFGHANISTAN,6,Karim Janat,not out,7,6,1,0,116.67
AFGHANISTAN vs BANGLADESH,AFGHANISTAN,7,Rashid Khan (c),not out,19,10,0,3,190.00
AFGHANISTAN vs BANGLADESH,BANGLADESH,1,Litton Das (wk),not out,54,49,5,1,110.20
AFGHANISTAN vs BANGLADESH,BANGLADESH,2,Tanzid Hasan,lbw b Fazalhaq Farooqi,0,3,0,0,0.00
AFGHANISTAN vs BANGLADESH,BANGLADESH,3,Najmul Hossain Shanto (c),c Nabi b Naveen-ul-Haq,5,5,1,0,100.00
AFGHANISTAN vs BANGLADESH,BANGLADESH,4,Shakib Al Hasan,c and b Naveen-ul-Haq,0,1,0,0,0.00
AFGHANISTAN vs BANGLADESH,BANGLADESH,5,Soumya Sarkar,b Rashid Khan,10,10,1,0,100.00
AFGHANISTAN vs BANGLADESH,BANGLADESH,6,Towhid Hridoy,c Ibrahim Zadran b Rashid Khan,14,9,2,0,155.56
AFGHANISTAN vs BANGLADESH,BANGLADESH,7,Mahmudullah,c (sub)Mohammad Ishaq b Rashid Khan,6,9,1,0,66.67
AFGHANISTAN vs BANGLADESH,BANGLADESH,8,Rishad Hossain,b Rashid Khan,0,1,0,0,0.00
AFGHANISTAN vs BANGLADESH,BANGLADESH,9,Tanzim Hasan Sakib,c Nabi b Gulbadin,3,10,0,0,30.00
AFGHANISTAN vs BANGLADESH,BANGLADESH,10,Taskin Ahmed,b Naveen-ul-Haq,2,9,0,0,22.22
AFGHANISTAN vs BANGLADESH,BANGLADESH,11,Mustafizur Rahman,lbw b Naveen-ul-Haq,0,1,0,0,0.00
AFGHANISTAN vs SOUTH AFRICA,AFGHANISTAN,1,Gurbaz (wk),c Reeza Hendricks b Marco Jansen,0,3,0,0,0.00
AFGHANISTAN vs SOUTH AFRICA,AFGHANISTAN,2,Ibrahim Zadran,b Rabada,2,5,0,0,40.00
AFGHANISTAN vs SOUTH AFRICA,AFGHANISTAN,3,Gulbadin,b Marco Jansen,9,8,2,0,112.50
AFGHANISTAN vs SOUTH AFRICA,AFGHANISTAN,4,Azmatullah,c Tristan Stubbs b Nortje,10,12,2,0,83.33
AFGHANISTAN vs SOUTH AFRICA,AFGHANISTAN,5,Nabi,b Rabada,0,3,0,0,0.00
AFGHANISTAN vs SOUTH AFRICA,AFGHANISTAN,6,Nangeyalia Kharote,c de Kock b Marco Jansen,2,7,0,0,28.57
AFGHANISTAN vs SOUTH AFRICA,AFGHANISTAN,7,Karim Janat,lbw b Shamsi,8,13,1,0,61.54
AFGHANISTAN vs SOUTH AFRICA,AFGHANISTAN,8,Rashid Khan (c),b Nortje,8,8,2,0,100.00
AFGHANISTAN vs SOUTH AFRICA,AFGHANISTAN,9,Noor Ahmad,lbw b Shamsi,0,2,0,0,0.00
AFGHANISTAN vs SOUTH AFRICA,AFGHANISTAN,10,Naveen-ul-Haq,lbw b Shamsi,2,8,0,0,25.00
AFGHANISTAN vs SOUTH AFRICA,AFGHANISTAN,11,Fazalhaq Farooqi,not out,2,2,0,0,100.00
AFGHANISTAN vs SOUTH AFRICA,SOUTH AFRICA,1,Quinton de Kock (wk),b Fazalhaq Farooqi,5,8,1,0,62.50
AFGHANISTAN vs SOUTH AFRICA,SOUTH AFRICA,2,Reeza Hendricks,not out,29,25,3,1,116.00
AFGHANISTAN vs SOUTH AFRICA,SOUTH AFRICA,3,Aiden Markram (c),not out,23,21,4,0,109.52
INDIA vs ENGLAND,INDIA,1,Rohit (c),b Adil Rashid,57,39,6,2,146.15
INDIA vs ENGLAND,INDIA,2,Kohli,b R Topley,9,9,0,1,100.00
INDIA vs ENGLAND,INDIA,3,Pant (wk),c Bairstow b Sam Curran,4,6,0,0,66.67
INDIA vs ENGLAND,INDIA,4,Suryakumar Yadav,c Chris Jordan b Jofra Archer,47,36,4,2,130.56
INDIA vs ENGLAND,INDIA,5,Hardik Pandya,c Sam Curran b Chris Jordan,23,13,1,2,176.92
INDIA vs ENGLAND,INDIA,6,Ravindra Jadeja,not out,17,9,2,0,188.89
INDIA vs ENGLAND,INDIA,7,Shivam Dube,c Jos Buttler b Chris Jordan,0,1,0,0,0.00
INDIA vs ENGLAND,INDIA,8,Axar,c Salt b Chris Jordan,10,6,0,1,166.67
INDIA vs ENGLAND,INDIA,9,Arshdeep Singh,not out,1,1,0,0,100.00
INDIA vs ENGLAND,ENGLAND,1,Philip Salt,b Bumrah,5,8,0,0,62.50
INDIA vs ENGLAND,ENGLAND,2,Jos Buttler (c & wk),c Pant b Axar,23,15,4,0,153.33
INDIA vs ENGLAND,ENGLAND,3,Moeen Ali,st Pant b Axar,8,10,0,0,80.00
INDIA vs ENGLAND,ENGLAND,4,Jonny Bairstow,b Axar,0,3,0,0,0.00
INDIA vs ENGLAND,ENGLAND,5,Harry Brook,b Kuldeep Yadav,25,19,3,0,131.58
INDIA vs ENGLAND,ENGLAND,6,Sam Curran,lbw b Kuldeep Yadav,2,4,0,0,50.00
INDIA vs ENGLAND,ENGLAND,7,Liam Livingstone,run out (Kuldeep Yadav/Axar),11,16,0,0,68.75
INDIA vs ENGLAND,ENGLAND,8,Chris Jordan,lbw b Kuldeep Yadav,1,5,0,0,20.00
INDIA vs ENGLAND,ENGLAND,9,Jofra Archer,lbw b Bumrah,21,15,1,2,140.00
INDIA vs ENGLAND,ENGLAND,10,Adil Rashid,run out (Suryakumar Yadav),2,2,0,0,100.00
INDIA vs ENGLAND,ENGLAND,11,Reece Topley,not out,3,3,0,0,100.00
INDIA vs SOUTH AFRICA,INDIA,1,Rohit (c),c Klaasen b Maharaj,9,5,2,0,180.00
INDIA vs SOUTH AFRICA,INDIA,2,Kohli,c Rabada b Marco Jansen,76,59,6,2,128.81
INDIA vs SOUTH AFRICA,INDIA,3,Pant (wk),c de Kock b Maharaj,0,2,0,0,0.00
INDIA vs SOUTH AFRICA,INDIA,4,Suryakumar Yadav,c Klaasen b Rabada,3,4,0,0,75.00
INDIA vs SOUTH AFRICA,INDIA,5,Axar,run out (de Kock),47,31,1,4,151.61
INDIA vs SOUTH AFRICA,INDIA,6,Shivam Dube,c David Miller b Nortje,27,16,3,1,168.75
INDIA vs SOUTH AFRICA,INDIA,7,Hardik Pandya,not out,5,2,1,0,250.00
INDIA vs SOUTH AFRICA,INDIA,8,Ravindra Jadeja,c Maharaj b Nortje,2,2,0,0,100.00
INDIA vs SOUTH AFRICA,SOUTH AFRICA,1,Reeza Hendricks,b Bumrah,4,5,1,0,80.00
INDIA vs SOUTH AFRICA,SOUTH AFRICA,2,Quinton de Kock (wk),c Kuldeep Yadav b Arshdeep Singh,39,31,4,1,125.81
INDIA vs SOUTH AFRICA,SOUTH AFRICA,3,Aiden Markram (c),c Pant b Arshdeep Singh,4,5,1,0,80.00
INDIA vs SOUTH AFRICA,SOUTH AFRICA,4,Tristan Stubbs,b Axar,31,21,3,1,147.62
INDIA vs SOUTH AFRICA,SOUTH AFRICA,5,Heinrich Klaasen,c Pant b Hardik Pandya,52,27,2,5,192.59
INDIA vs SOUTH AFRICA,SOUTH AFRICA,6,David Miller,c Suryakumar Yadav b Hardik Pandya,21,17,1,1,123.53
INDIA vs SOUTH AFRICA,SOUTH AFRICA,7,Marco Jansen,b Bumrah,2,4,0,0,50.00
INDIA vs SOUTH AFRICA,SOUTH AFRICA,8,Keshav Maharaj,not out,2,7,0,0,28.57
INDIA vs SOUTH AFRICA,SOUTH AFRICA,9,Kagiso Rabada,c Suryakumar Yadav b Hardik Pandya,4,3,1,0,133.33
INDIA vs SOUTH AFRICA,SOUTH AFRICA,10,Anrich Nortje,not out,1,1,0,0,100.00
