match,teamInnings,bowlerName,overs,maidens,runs,wickets,noBalls,wides,economy
CANADA vs UNITED STATES OF AMERICA,UNITED STATES OF AMERICA,Ali Khan,4,0,41,1,0,2,10.20
CANADA vs UNITED STATES OF AMERICA,UNITED STATES OF AMERICA,Netravalkar,2,0,16,0,0,0,8.00
CANADA vs UNITED STATES OF AMERICA,UNITED STATES OF AMERICA,Harmeet Singh,4,0,27,1,0,0,6.80
CANADA vs UNITED STATES OF AMERICA,UNITED STATES OF AMERICA,Jessy Singh,3,0,24,0,0,0,8.00
CANADA vs UNITED STATES OF AMERICA,UNITED STATES OF AMERICA,van Schalkwyk,3,0,34,0,0,0,11.30
CANADA vs UNITED STATES OF AMERICA,UNITED STATES OF AMERICA,Steven Taylor,1,0,15,0,0,0,15.00
CANADA vs UNITED STATES OF AMERICA,UNITED STATES OF AMERICA,CJ Anderson,3,0,29,1,0,0,9.70
CANADA vs UNITED STATES OF AMERICA,CANADA,Kaleem Sana,4,0,34,1,0,6,8.50
CANADA vs UNITED STATES OF AMERICA,CANADA,Jeremy Gordon,3,0,44,0,2,3,14.70
CANADA vs UNITED STATES OF AMERICA,CANADA,Dillon Heyliger,3,0,19,1,0,3,6.30
CANADA vs UNITED STATES OF AMERICA,CANADA,Saad Bin Zafar (c),4,0,42,0,0,0,10.50
CANADA vs UNITED STATES OF AMERICA,CANADA,Nikhil Dutta,2.4,0,41,1,1,2,15.40
CANADA vs UNITED STATES OF AMERICA,CANADA,Pargat Singh,1,0,15,0,0,0,15.00
PAPUA NEW GUINEA vs WEST INDIES,WEST INDIES,Akeal Hosein,3,0,9,1,0,0,3.00
PAPUA NEW GUINEA vs WEST INDIES,WEST INDIES,Romario Shepherd,3,0,23,1,0,1,7.70
PAPUA NEW GUINEA vs WEST INDIES,WEST INDIES,Russell,3,0,19,2,0,1,6.30
PAPUA NEW GUINEA vs WEST INDIES,WEST INDIES,Roston Chase,4,0,26,0,0,4,6.50
PAPUA NEW GUINEA vs WEST INDIES,WEST INDIES,Alzarri Joseph,4,0,34,2,1,1,8.50
PAPUA NEW GUINEA vs WEST INDIES,WEST INDIES,Motie,3,0,24,1,0,0,8.00
PAPUA NEW GUINEA vs WEST INDIES,PAPUA NEW GUINEA,Kabua Morea,3,0,30,0,0,0,10.00
PAPUA NEW GUINEA vs WEST INDIES,PAPUA NEW GUINEA,Alei Nao,2,1,9,1,0,0,4.50
PAPUA NEW GUINEA vs WEST INDIES,PAPUA NEW GUINEA,Chad Soper,3,0,19,1,0,0,6.30
PAPUA NEW GUINEA vs WEST INDIES,PAPUA NEW GUINEA,Sese Bau,1,0,18,0,0,0,18.00
PAPUA NEW GUINEA vs WEST INDIES,PAPUA NEW GUINEA,John Kariko,4,0,17,1,0,0,4.20
PAPUA NEW GUINEA vs WEST INDIES,PAPUA NEW GUINEA,Assad Vala (c),4,1,28,2,0,0,7.00
PAPUA NEW GUINEA vs WEST INDIES,PAPUA NEW GUINEA,Charles Amini,2,0,14,0,0,0,7.00
OMAN vs NAMIBIA,NAMIBIA,Trumpelmann,4,0,21,4,1,0,5.20
OMAN vs NAMIBIA,NAMIBIA,Wiese,3.4,0,28,3,0,0,7.60
OMAN vs NAMIBIA,NAMIBIA,Tangeni Lungameni,4,0,18,0,0,1,4.50
OMAN vs NAMIBIA,NAMIBIA,Bernard Scholtz,4,0,20,1,0,1,5.00
OMAN vs NAMIBIA,NAMIBIA,Gerhard Erasmus (c),4,0,20,2,0,0,5.00
OMAN vs NAMIBIA,OMAN,Bilal Khan,4,0,25,1,0,1,6.20
OMAN vs NAMIBIA,OMAN,Shakeel Ahmed,3,0,20,0,0,0,6.70
OMAN vs NAMIBIA,OMAN,Kaleemullah,2,0,10,0,0,0,5.00
OMAN vs NAMIBIA,OMAN,Aqib Ilyas (c),4,1,17,1,0,0,4.20
OMAN vs NAMIBIA,OMAN,Mehran Khan,3,1,7,3,0,0,2.30
OMAN vs NAMIBIA,OMAN,Zeeshan Maqsood,2,0,12,0,0,0,6.00
OMAN vs NAMIBIA,OMAN,Ayaan Khan,2,0,12,1,0,2,6.00
SRI LANKA vs SOUTH AFRICA,SOUTH AFRICA,Marco Jansen,3.1,0,15,0,0,1,4.70
SRI LANKA vs SOUTH AFRICA,SOUTH AFRICA,Rabada,4,1,21,2,0,1,5.20
SRI LANKA vs SOUTH AFRICA,SOUTH AFRICA,Ottneil Baartman,4,1,9,1,0,1,2.20
SRI LANKA vs SOUTH AFRICA,SOUTH AFRICA,Maharaj,4,0,22,2,0,0,5.50
SRI LANKA vs SOUTH AFRICA,SOUTH AFRICA,Nortje,4,0,7,4,0,0,1.80
SRI LANKA vs SOUTH AFRICA,SRI LANKA,Angelo Mathews,3,0,16,0,0,1,5.30
SRI LANKA vs SOUTH AFRICA,SRI LANKA,Nuwan Thushara,3,0,18,1,1,0,6.00
SRI LANKA vs SOUTH AFRICA,SRI LANKA,Dasun Shanaka,3,1,6,1,0,0,2.00
SRI LANKA vs SOUTH AFRICA,SRI LANKA,Matheesha Pathirana,3,0,12,0,0,1,4.00
SRI LANKA vs SOUTH AFRICA,SRI LANKA,Wanindu Hasaranga (c),3.2,0,22,2,0,0,6.60
SRI LANKA vs SOUTH AFRICA,SRI LANKA,Maheesh Theekshana,1,0,3,0,0,0,3.00
AFGHANISTAN vs UGANDA,UGANDA,Alpesh Ramjani,4,0,33,1,0,0,8.20
AFGHANISTAN vs UGANDA,UGANDA,Cosmas Kyewuta,4,0,25,2,0,0,6.20
AFGHANISTAN vs UGANDA,UGANDA,Dinesh Nakrani,3,0,37,0,0,0,12.30
AFGHANISTAN vs UGANDA,UGANDA,Bilal Hassan,2,0,34,0,1,5,17.00
AFGHANISTAN vs UGANDA,UGANDA,Ssenyondo,2,0,19,0,0,1,9.50
AFGHANISTAN vs UGANDA,UGANDA,Riazat Ali Shah,1,0,11,0,0,0,11.00
AFGHANISTAN vs UGANDA,UGANDA,Masaba (c),4,0,21,2,0,0,5.20
AFGHANISTAN vs UGANDA,AFGHANISTAN,Fazalhaq Farooqi,4,0,9,5,0,0,2.20
AFGHANISTAN vs UGANDA,AFGHANISTAN,Mujeeb Ur Rahman,3,0,16,1,0,5,5.30
AFGHANISTAN vs UGANDA,AFGHANISTAN,Naveen-ul-Haq,2,0,4,2,0,1,2.00
AFGHANISTAN vs UGANDA,AFGHANISTAN,Azmatullah Omarzai,2,0,7,0,0,1,3.50
AFGHANISTAN vs UGANDA,AFGHANISTAN,Rashid Khan (c),4,0,12,2,0,0,3.00
AFGHANISTAN vs UGANDA,AFGHANISTAN,Mohammad Nabi,1,0,8,0,0,0,8.00
SCOTLAND vs ENGLAND,ENGLAND,Mark Wood,2,0,11,0,1,1,5.50
SCOTLAND vs ENGLAND,ENGLAND,Jofra Archer,2,0,12,0,0,0,6.00
SCOTLAND vs ENGLAND,ENGLAND,Moeen Ali,2,0,15,0,0,0,7.50
SCOTLAND vs ENGLAND,ENGLAND,Chris Jordan,2,0,24,0,0,0,12.00
SCOTLAND vs ENGLAND,ENGLAND,Adil Rashid,2,0,26,0,0,0,13.00
NEPAL vs NETHERLANDS,NETHERLANDS,Kingma,4,0,23,0,0,2,5.80
NEPAL vs NETHERLANDS,NETHERLANDS,Tim Pringle,4,0,20,3,0,0,5.00
NEPAL vs NETHERLANDS,NETHERLANDS,van Beek,3.2,0,18,3,0,0,5.40
NEPAL vs NETHERLANDS,NETHERLANDS,van Meekeren,4,0,19,2,0,1,4.80
NEPAL vs NETHERLANDS,NETHERLANDS,Bas de Leede,4,1,22,2,0,1,5.50
NEPAL vs NETHERLANDS,NEPAL,Karan KC,3,0,17,0,0,0,5.70
NEPAL vs NETHERLANDS,NEPAL,Sompal Kami,4,0,18,1,0,0,4.50
NEPAL vs NETHERLANDS,NEPAL,Gulsan Jha,2,0,17,0,1,0,8.50
NEPAL vs NETHERLANDS,NEPAL,Dipendra Singh Airee,2,0,6,1,0,0,3.00
NEPAL vs NETHERLANDS,NEPAL,Abinash Bohara,3.4,0,29,1,0,0,7.90
NEPAL vs NETHERLANDS,NEPAL,Sagar Dhakal,4,0,21,0,0,0,5.20
IRELAND vs INDIA,INDIA,Arshdeep Singh,4,0,35,2,1,9,8.80
IRELAND vs INDIA,INDIA,Siraj,3,0,13,1,0,0,4.30
IRELAND vs INDIA,INDIA,Bumrah,3,1,6,2,0,0,2.00
IRELAND vs INDIA,INDIA,Hardik Pandya,4,1,27,3,0,0,6.80
IRELAND vs INDIA,INDIA,Axar,1,0,3,1,0,0,3.00
IRELAND vs INDIA,INDIA,Ravindra Jadeja,1,0,7,0,0,0,7.00
IRELAND vs INDIA,IRELAND,Mark Adair,4,0,27,1,0,3,6.80
IRELAND vs INDIA,IRELAND,Joshua Little,4,0,42,0,0,3,10.50
IRELAND vs INDIA,IRELAND,Barry McCarthy,2.2,0,18,0,0,0,7.70
IRELAND vs INDIA,IRELAND,Curtis Campher,1,0,4,0,0,0,4.00
IRELAND vs INDIA,IRELAND,Benjamin White,1,0,6,1,0,0,6.00
PAPUA NEW GUINEA vs UGANDA,UGANDA,Alpesh Ramjani,4,1,17,2,0,0,4.20
PAPUA NEW GUINEA vs UGANDA,UGANDA,Cosmas Kyewuta,3.1,0,17,2,0,0,5.40
PAPUA NEW GUINEA vs UGANDA,UGANDA,Juma Miyagi,4,0,10,2,1,0,2.50
PAPUA NEW GUINEA vs UGANDA,UGANDA,Masaba (c),4,0,17,1,0,0,4.20
PAPUA NEW GUINEA vs UGANDA,UGANDA,Nsubuga,4,2,4,2,0,0,1.00
PAPUA NEW GUINEA vs UGANDA,PAPUA NEW GUINEA,Alei Nao,4,0,16,2,0,7,4.00
PAPUA NEW GUINEA vs UGANDA,PAPUA NEW GUINEA,Norman Vanua,4,0,19,2,0,7,4.80
PAPUA NEW GUINEA vs UGANDA,PAPUA NEW GUINEA,Chad Soper,4,0,13,1,0,1,3.20
PAPUA NEW GUINEA vs UGANDA,PAPUA NEW GUINEA,Assad Vala (c),2,0,10,1,0,0,5.00
PAPUA NEW GUINEA vs UGANDA,PAPUA NEW GUINEA,John Kariko,4,0,18,0,0,0,4.50
PAPUA NEW GUINEA vs UGANDA,PAPUA NEW GUINEA,Charles Amini,0.2,0,2,0,0,0,6.00
AUSTRALIA vs OMAN,OMAN,Bilal Khan,4,0,36,1,1,1,9.00
AUSTRALIA vs OMAN,OMAN,Kaleemullah,3,0,30,1,0,0,10.00
AUSTRALIA vs OMAN,OMAN,Shakeel Ahmed,4,0,28,0,1,0,7.00
AUSTRALIA vs OMAN,OMAN,Mehran Khan,4,0,38,2,1,0,9.50
AUSTRALIA vs OMAN,OMAN,Aqib Ilyas (c),4,0,18,0,0,0,4.50
AUSTRALIA vs OMAN,OMAN,Zeeshan Maqsood,1,0,12,0,0,0,12.00
AUSTRALIA vs OMAN,AUSTRALIA,Mitchell Starc,3,0,20,2,0,5,6.70
AUSTRALIA vs OMAN,AUSTRALIA,Josh Hazlewood,4,0,21,0,0,0,5.20
AUSTRALIA vs OMAN,AUSTRALIA,Nathan Ellis,4,0,28,2,0,1,7.00
AUSTRALIA vs OMAN,AUSTRALIA,Marcus Stoinis,3,0,19,3,0,1,6.30
AUSTRALIA vs OMAN,AUSTRALIA,Glenn Maxwell,2,0,11,0,0,1,5.50
AUSTRALIA vs OMAN,AUSTRALIA,Adam Zampa,4,0,24,2,0,0,6.00
PAKISTAN vs UNITED STATES OF AMERICA,UNITED STATES OF AMERICA,Nosthush Kenjige,4,0,30,3,0,0,7.50
PAKISTAN vs UNITED STATES OF AMERICA,UNITED STATES OF AMERICA,Netravalkar,4,0,18,2,0,0,4.50
PAKISTAN vs UNITED STATES OF AMERICA,UNITED STATES OF AMERICA,Ali Khan,4,0,30,1,0,2,7.50
PAKISTAN vs UNITED STATES OF AMERICA,UNITED STATES OF AMERICA,Harmeet Singh,4,0,34,0,0,1,8.50
PAKISTAN vs UNITED STATES OF AMERICA,UNITED STATES OF AMERICA,Jasdeep Singh,3,0,37,1,0,1,12.30
PAKISTAN vs UNITED STATES OF AMERICA,UNITED STATES OF AMERICA,CJ Anderson,1,0,6,0,0,0,6.00
PAKISTAN vs UNITED STATES OF AMERICA,PAKISTAN,Shaheen Afridi,4,0,33,0,0,2,8.20
PAKISTAN vs UNITED STATES OF AMERICA,PAKISTAN,Mohammad Amir,4,0,25,1,0,3,6.20
PAKISTAN vs UNITED STATES OF AMERICA,PAKISTAN,Naseem Shah,4,0,26,1,0,2,6.50
PAKISTAN vs UNITED STATES OF AMERICA,PAKISTAN,Haris Rauf,4,0,37,1,0,3,9.20
PAKISTAN vs UNITED STATES OF AMERICA,PAKISTAN,Shadab Khan,3,0,27,0,0,1,9.00
PAKISTAN vs UNITED STATES OF AMERICA,PAKISTAN,Iftikhar Ahmed,1,0,10,0,0,0,10.00
NAMIBIA vs SCOTLAND,SCOTLAND,Wheal,4,0,33,3,1,2,8.20
NAMIBIA vs SCOTLAND,SCOTLAND,Bradley Currie,4,0,16,2,0,0,4.00
NAMIBIA vs SCOTLAND,SCOTLAND,Christopher Sole,3,0,23,1,1,1,7.70
NAMIBIA vs SCOTLAND,SCOTLAND,Mark Watt,4,0,39,0,0,0,9.80
NAMIBIA vs SCOTLAND,SCOTLAND,Chris Greaves,3,0,24,1,0,0,8.00
NAMIBIA vs SCOTLAND,SCOTLAND,Michael Leask,2,0,16,1,0,0,8.00
NAMIBIA vs SCOTLAND,NAMIBIA,Ruben Trumpelmann,4,0,36,1,1,8,9.00
NAMIBIA vs SCOTLAND,NAMIBIA,David Wiese,3.3,0,30,0,0,0,8.60
NAMIBIA vs SCOTLAND,NAMIBIA,Tangeni Lungameni,3,0,39,1,0,1,13.00
NAMIBIA vs SCOTLAND,NAMIBIA,Bernard Scholtz,4,0,20,1,0,0,5.00
NAMIBIA vs SCOTLAND,NAMIBIA,Gerhard Erasmus (c),4,0,29,2,0,3,7.20
CANADA vs IRELAND,IRELAND,Mark Adair,4,0,23,1,0,1,5.80
CANADA vs IRELAND,IRELAND,Joshua Little,4,0,37,0,0,2,9.20
CANADA vs IRELAND,IRELAND,Craig Young,4,0,32,2,0,1,8.00
CANADA vs IRELAND,IRELAND,Barry McCarthy,4,0,24,2,0,0,6.00
CANADA vs IRELAND,IRELAND,Delany,2,0,10,1,0,0,5.00
CANADA vs IRELAND,IRELAND,Curtis Campher,2,0,11,0,0,1,5.50
CANADA vs IRELAND,CANADA,Kaleem Sana,4,0,38,0,0,3,9.50
CANADA vs IRELAND,CANADA,Jeremy Gordon,4,0,16,2,0,1,4.00
CANADA vs IRELAND,CANADA,Junaid Siddiqui,4,0,27,1,0,0,6.80
CANADA vs IRELAND,CANADA,Saad Bin Zafar (c),4,0,22,1,0,0,5.50
CANADA vs IRELAND,CANADA,Dillon Heyliger,4,0,18,2,0,1,4.50
AFGHANISTAN vs NEW ZEALAND,NEW ZEALAND,Boult,4,0,22,2,0,0,5.50
AFGHANISTAN vs NEW ZEALAND,NEW ZEALAND,Matt Henry,4,0,37,2,0,0,9.20
AFGHANISTAN vs NEW ZEALAND,NEW ZEALAND,Santner,4,0,24,0,0,0,6.00
AFGHANISTAN vs NEW ZEALAND,NEW ZEALAND,M Bracewell,3,0,27,0,0,0,9.00
AFGHANISTAN vs NEW ZEALAND,NEW ZEALAND,Lockie Ferguson,4,0,28,1,0,0,7.00
AFGHANISTAN vs NEW ZEALAND,NEW ZEALAND,Daryl Mitchell,1,0,16,0,0,0,16.00
AFGHANISTAN vs NEW ZEALAND,AFGHANISTAN,Fazalhaq Farooqi,3.2,0,17,4,0,3,5.10
AFGHANISTAN vs NEW ZEALAND,AFGHANISTAN,Mohammad Nabi,4,0,16,2,0,0,4.00
AFGHANISTAN vs NEW ZEALAND,AFGHANISTAN,Naveen-ul-Haq,3,0,10,0,0,0,3.30
AFGHANISTAN vs NEW ZEALAND,AFGHANISTAN,Rashid Khan (c),4,0,17,4,0,2,4.20
AFGHANISTAN vs NEW ZEALAND,AFGHANISTAN,Noor Ahmad,1,0,10,0,0,0,10.00
SRI LANKA vs BANGLADESH,BANGLADESH,Tanzim Hasan Sakib,4,0,24,1,0,0,6.00
SRI LANKA vs BANGLADESH,BANGLADESH,Shakib,3,0,30,0,0,0,10.00
SRI LANKA vs BANGLADESH,BANGLADESH,Taskin Ahmed,4,0,25,2,0,1,6.20
SRI LANKA vs BANGLADESH,BANGLADESH,Mustafizur,4,0,17,3,0,1,4.20
SRI LANKA vs BANGLADESH,BANGLADESH,Rishad Hossain,4,0,22,3,0,0,5.50
SRI LANKA vs BANGLADESH,BANGLADESH,Mahmudullah,1,0,4,0,0,0,4.00
SRI LANKA vs BANGLADESH,SRI LANKA,Dhananjaya de Silva,2,0,11,1,0,1,5.50
SRI LANKA vs BANGLADESH,SRI LANKA,Nuwan Thushara,4,0,18,4,0,5,4.50
SRI LANKA vs BANGLADESH,SRI LANKA,Maheesh Theekshana,4,0,25,0,0,3,6.20
SRI LANKA vs BANGLADESH,SRI LANKA,Wanindu Hasaranga (c),4,0,32,2,0,0,8.00
SRI LANKA vs BANGLADESH,SRI LANKA,Matheesha Pathirana,4,0,27,1,0,2,6.80
SRI LANKA vs BANGLADESH,SRI LANKA,Dasun Shanaka,1,0,11,0,0,1,11.00
NETHERLANDS vs SOUTH AFRICA,SOUTH AFRICA,Marco Jansen,4,0,20,2,1,1,5.00
NETHERLANDS vs SOUTH AFRICA,SOUTH AFRICA,Rabada,4,0,27,0,0,1,6.80
NETHERLANDS vs SOUTH AFRICA,SOUTH AFRICA,Ottneil Baartman,4,0,11,4,0,1,2.80
NETHERLANDS vs SOUTH AFRICA,SOUTH AFRICA,Nortje,4,0,19,2,1,1,4.80
NETHERLANDS vs SOUTH AFRICA,SOUTH AFRICA,Maharaj,4,0,24,0,0,1,6.00
NETHERLANDS vs SOUTH AFRICA,NETHERLANDS,Vivian Kingma,4,1,12,2,0,1,3.00
NETHERLANDS vs SOUTH AFRICA,NETHERLANDS,Logan van Beek,4,1,21,2,0,0,5.20
NETHERLANDS vs SOUTH AFRICA,NETHERLANDS,Paul van Meekeren,4,1,13,0,0,1,3.20
NETHERLANDS vs SOUTH AFRICA,NETHERLANDS,Bas de Leede,3.5,0,34,1,1,0,8.90
NETHERLANDS vs SOUTH AFRICA,NETHERLANDS,Tim Pringle,2,0,14,0,0,0,7.00
NETHERLANDS vs SOUTH AFRICA,NETHERLANDS,Vikramjit Singh,1,0,11,0,0,0,11.00
AUSTRALIA vs ENGLAND,ENGLAND,Moeen,2,0,18,1,0,0,9.00
AUSTRALIA vs ENGLAND,ENGLAND,Will Jacks,1,0,22,0,0,0,22.00
AUSTRALIA vs ENGLAND,ENGLAND,Jofra Archer,4,0,28,1,0,1,7.00
AUSTRALIA vs ENGLAND,ENGLAND,Mark Wood,3,0,32,0,0,0,10.70
AUSTRALIA vs ENGLAND,ENGLAND,Adil Rashid,4,0,41,1,0,1,10.20
AUSTRALIA vs ENGLAND,ENGLAND,Chris Jordan,4,0,44,2,0,4,11.00
AUSTRALIA vs ENGLAND,ENGLAND,Livingstone,2,0,15,1,0,0,7.50
AUSTRALIA vs ENGLAND,AUSTRALIA,Mitchell Starc,3,0,37,0,0,2,12.30
AUSTRALIA vs ENGLAND,AUSTRALIA,Josh Hazlewood,4,0,28,1,0,0,7.00
AUSTRALIA vs ENGLAND,AUSTRALIA,Pat Cummins,4,0,23,2,0,1,5.80
AUSTRALIA vs ENGLAND,AUSTRALIA,Marcus Stoinis,3,0,24,1,0,2,8.00
AUSTRALIA vs ENGLAND,AUSTRALIA,Adam Zampa,4,0,28,2,0,0,7.00
AUSTRALIA vs ENGLAND,AUSTRALIA,Glenn Maxwell,2,0,22,0,0,0,11.00
WEST INDIES vs UGANDA,UGANDA,Alpesh Ramjani,3,0,16,1,0,0,5.30
WEST INDIES vs UGANDA,UGANDA,Cosmas Kyewuta,4,0,42,1,1,3,10.50
WEST INDIES vs UGANDA,UGANDA,Juma Miyagi,3,0,29,0,1,0,9.70
WEST INDIES vs UGANDA,UGANDA,Nsubuga,3,0,29,0,1,0,9.70
WEST INDIES vs UGANDA,UGANDA,Masaba (c),4,0,31,2,0,2,7.80
WEST INDIES vs UGANDA,UGANDA,Dinesh Nakrani,3,0,20,1,0,0,6.70
WEST INDIES vs UGANDA,WEST INDIES,Akeal Hosein,4,0,11,5,0,0,2.80
WEST INDIES vs UGANDA,WEST INDIES,Romario Shepherd,2,0,9,1,0,0,4.50
WEST INDIES vs UGANDA,WEST INDIES,Andre Russell,1,0,4,1,0,1,4.00
WEST INDIES vs UGANDA,WEST INDIES,Alzarri Joseph,3,0,6,2,0,1,2.00
WEST INDIES vs UGANDA,WEST INDIES,Gudakesh Motie,2,0,6,1,0,0,3.00
INDIA vs PAKISTAN,PAKISTAN,Shaheen Afridi,4,0,29,1,0,1,7.20
INDIA vs PAKISTAN,PAKISTAN,Naseem Shah,4,0,21,3,1,2,5.20
INDIA vs PAKISTAN,PAKISTAN,Amir,4,0,23,2,0,0,5.80
INDIA vs PAKISTAN,PAKISTAN,Iftikhar Ahmed,1,0,7,0,0,1,7.00
INDIA vs PAKISTAN,PAKISTAN,Imad Wasim,3,0,17,0,0,1,5.70
INDIA vs PAKISTAN,PAKISTAN,Haris Rauf,3,0,21,3,0,0,7.00
INDIA vs PAKISTAN,INDIA,Arshdeep Singh,4,0,31,1,0,2,7.80
INDIA vs PAKISTAN,INDIA,Mohammed Siraj,4,0,19,0,1,1,4.80
INDIA vs PAKISTAN,INDIA,Jasprit Bumrah,4,0,14,3,0,0,3.50
INDIA vs PAKISTAN,INDIA,Hardik Pandya,4,0,24,2,0,1,6.00
INDIA vs PAKISTAN,INDIA,Ravindra Jadeja,2,0,10,0,0,0,5.00
INDIA vs PAKISTAN,INDIA,Axar Patel,2,0,11,1,0,0,5.50
OMAN vs SCOTLAND,SCOTLAND,Mark Watt,4,0,25,1,0,2,6.20
OMAN vs SCOTLAND,SCOTLAND,Wheal,4,0,19,1,0,0,4.80
OMAN vs SCOTLAND,SCOTLAND,Christopher Sole,4,0,41,1,0,0,10.20
OMAN vs SCOTLAND,SCOTLAND,Safyaan Sharif,4,0,40,2,0,0,10.00
OMAN vs SCOTLAND,SCOTLAND,Michael Leask,3,0,21,0,0,1,7.00
OMAN vs SCOTLAND,SCOTLAND,Chris Greaves,1,0,2,1,0,0,2.00
OMAN vs SCOTLAND,OMAN,Bilal Khan,2.1,0,12,1,0,0,5.50
OMAN vs SCOTLAND,OMAN,Shakeel Ahmed,2,0,23,0,0,0,11.50
OMAN vs SCOTLAND,OMAN,Kaleemullah,2,0,17,0,0,0,8.50
OMAN vs SCOTLAND,OMAN,Aqib Ilyas (c),3,0,41,1,0,0,13.70
OMAN vs SCOTLAND,OMAN,Mehran Khan,1,0,16,1,0,5,16.00
OMAN vs SCOTLAND,OMAN,Zeeshan Maqsood,2,0,22,0,0,0,11.00
OMAN vs SCOTLAND,OMAN,Ayaan Khan,1,0,20,0,0,0,20.00
SOUTH AFRICA vs BANGLADESH,BANGLADESH,Tanzim Hasan Sakib,4,0,18,3,0,3,4.50
SOUTH AFRICA vs BANGLADESH,BANGLADESH,Taskin Ahmed,4,0,19,2,0,0,4.80
SOUTH AFRICA vs BANGLADESH,BANGLADESH,Mustafizur,4,0,18,0,0,1,4.50
SOUTH AFRICA vs BANGLADESH,BANGLADESH,Rishad Hossain,4,0,32,1,0,0,8.00
SOUTH AFRICA vs BANGLADESH,BANGLADESH,Shakib,1,0,6,0,0,0,6.00
SOUTH AFRICA vs BANGLADESH,BANGLADESH,Mahmudullah,3,0,17,0,0,0,5.70
SOUTH AFRICA vs BANGLADESH,SOUTH AFRICA,Marco Jansen,4,0,17,0,0,2,4.20
SOUTH AFRICA vs BANGLADESH,SOUTH AFRICA,Kagiso Rabada,4,0,19,2,0,0,4.80
SOUTH AFRICA vs BANGLADESH,SOUTH AFRICA,Ottneil Baartman,4,0,27,0,0,0,6.80
SOUTH AFRICA vs BANGLADESH,SOUTH AFRICA,Keshav Maharaj,4,0,27,3,0,2,6.80
SOUTH AFRICA vs BANGLADESH,SOUTH AFRICA,Anrich Nortje,4,0,17,2,1,1,4.20
CANADA vs PAKISTAN,PAKISTAN,Shaheen Afridi,4,0,21,1,0,1,5.20
CANADA vs PAKISTAN,PAKISTAN,Naseem Shah,4,0,24,1,0,1,6.00
CANADA vs PAKISTAN,PAKISTAN,Amir,4,0,13,2,0,0,3.20
CANADA vs PAKISTAN,PAKISTAN,Haris Rauf,4,0,26,2,0,7,6.50
CANADA vs PAKISTAN,PAKISTAN,Imad Wasim,4,0,19,0,0,1,4.80
CANADA vs PAKISTAN,CANADA,Kaleem Sana,3,0,21,0,0,5,7.00
CANADA vs PAKISTAN,CANADA,Jeremy Gordon,3.3,0,17,1,0,1,4.90
CANADA vs PAKISTAN,CANADA,Dillon Heyliger,4,0,18,2,0,1,4.50
CANADA vs PAKISTAN,CANADA,Saad Bin Zafar (c),4,0,23,0,0,1,5.80
CANADA vs PAKISTAN,CANADA,Junaid Siddiqui,3,0,28,0,0,1,9.30
NAMIBIA vs AUSTRALIA,AUSTRALIA,Hazlewood,4,0,18,2,0,2,4.50
NAMIBIA vs AUSTRALIA,AUSTRALIA,Stoinis,3,0,9,2,0,2,3.00
NAMIBIA vs AUSTRALIA,AUSTRALIA,Cummins,3,1,16,1,0,0,5.30
NAMIBIA vs AUSTRALIA,AUSTRALIA,Zampa,4,0,12,4,0,0,3.00
NAMIBIA vs AUSTRALIA,AUSTRALIA,Nathan Ellis,3,1,12,1,0,0,4.00
NAMIBIA vs AUSTRALIA,NAMIBIA,Ruben Trumpelmann,2,0,19,0,0,0,9.50
NAMIBIA vs AUSTRALIA,NAMIBIA,David Wiese,1,0,15,1,0,1,15.00
NAMIBIA vs AUSTRALIA,NAMIBIA,Ben Shikongo,1,0,19,0,0,0,19.00
NAMIBIA vs AUSTRALIA,NAMIBIA,Gerhard Erasmus (c),1,0,6,0,0,0,6.00
NAMIBIA vs AUSTRALIA,NAMIBIA,Jack Brassell,0.4,0,14,0,0,0,21.00
UNITED STATES OF AMERICA vs INDIA,INDIA,Arshdeep Singh,4,0,9,4,0,1,2.20
UNITED STATES OF AMERICA vs INDIA,INDIA,Siraj,4,0,25,0,0,0,6.20
UNITED STATES OF AMERICA vs INDIA,INDIA,Bumrah,4,0,25,0,0,5,6.20
UNITED STATES OF AMERICA vs INDIA,INDIA,Hardik Pandya,4,1,14,2,0,0,3.50
UNITED STATES OF AMERICA vs INDIA,INDIA,Shivam Dube,1,0,11,0,0,0,11.00
UNITED STATES OF AMERICA vs INDIA,INDIA,Axar,3,0,25,1,0,1,8.30
UNITED STATES OF AMERICA vs INDIA,UNITED STATES OF AMERICA,Saurabh Netravalkar,4,0,18,2,0,0,4.50
UNITED STATES OF AMERICA vs INDIA,UNITED STATES OF AMERICA,Ali Khan,3.2,0,21,1,0,1,6.30
UNITED STATES OF AMERICA vs INDIA,UNITED STATES OF AMERICA,Jasdeep Singh,4,0,24,0,1,0,6.00
UNITED STATES OF AMERICA vs INDIA,UNITED STATES OF AMERICA,Shadley van Schalkwyk,4,0,25,0,0,0,6.20
UNITED STATES OF AMERICA vs INDIA,UNITED STATES OF AMERICA,Corey Anderson,3,0,17,0,0,1,5.70
WEST INDIES vs NEW ZEALAND,NEW ZEALAND,Boult,4,1,16,3,0,0,4.00
WEST INDIES vs NEW ZEALAND,NEW ZEALAND,Southee,4,0,21,2,0,0,5.20
WEST INDIES vs NEW ZEALAND,NEW ZEALAND,Lockie Ferguson,4,0,27,2,0,2,6.80
WEST INDIES vs NEW ZEALAND,NEW ZEALAND,Neesham,4,0,27,1,0,1,6.80
WEST INDIES vs NEW ZEALAND,NEW ZEALAND,Glenn Phillips,1,0,9,0,0,0,9.00
WEST INDIES vs NEW ZEALAND,NEW ZEALAND,Santner,2,0,27,1,0,0,13.50
WEST INDIES vs NEW ZEALAND,NEW ZEALAND,Daryl Mitchell,1,0,19,0,0,0,19.00
WEST INDIES vs NEW ZEALAND,WEST INDIES,Akeal Hosein,4,0,21,1,0,0,5.20
WEST INDIES vs NEW ZEALAND,WEST INDIES,Romario Shepherd,3,0,36,0,0,2,12.00
WEST INDIES vs NEW ZEALAND,WEST INDIES,Andre Russell,4,0,30,1,0,0,7.50
WEST INDIES vs NEW ZEALAND,WEST INDIES,Alzarri Joseph,4,0,19,4,0,0,4.80
WEST INDIES vs NEW ZEALAND,WEST INDIES,Gudakesh Motie,4,0,25,3,0,0,6.20
WEST INDIES vs NEW ZEALAND,WEST INDIES,Roston Chase,1,0,4,0,0,1,4.00
BANGLADESH vs NETHERLANDS,NETHERLANDS,Kingma,2,0,20,0,0,1,10.00
BANGLADESH vs NETHERLANDS,NETHERLANDS,Aryan Dutt,4,0,17,2,0,1,4.20
BANGLADESH vs NETHERLANDS,NETHERLANDS,van Meekeren,4,0,15,2,0,0,3.80
BANGLADESH vs NETHERLANDS,NETHERLANDS,van Beek,4,0,43,0,0,1,10.80
BANGLADESH vs NETHERLANDS,NETHERLANDS,Bas de Leede,3,0,31,0,0,0,10.30
BANGLADESH vs NETHERLANDS,NETHERLANDS,Tim Pringle,3,0,26,1,0,0,8.70
BANGLADESH vs NETHERLANDS,BANGLADESH,Mustafizur Rahman,4,0,12,1,0,1,3.00
BANGLADESH vs NETHERLANDS,BANGLADESH,Tanzim Hasan Sakib,3,0,23,1,0,0,7.70
BANGLADESH vs NETHERLANDS,BANGLADESH,Taskin Ahmed,4,0,30,2,0,0,7.50
BANGLADESH vs NETHERLANDS,BANGLADESH,Shakib Al Hasan,4,0,29,0,0,0,7.20
BANGLADESH vs NETHERLANDS,BANGLADESH,Rishad Hossain,4,0,33,3,0,0,8.20
BANGLADESH vs NETHERLANDS,BANGLADESH,Mahmudullah,1,0,6,1,0,0,6.00
OMAN vs ENGLAND,ENGLAND,R Topley,3,0,12,0,0,0,4.00
OMAN vs ENGLAND,ENGLAND,Jofra Archer,3.2,1,12,3,0,1,3.60
OMAN vs ENGLAND,ENGLAND,Mark Wood,3,0,12,3,0,0,4.00
OMAN vs ENGLAND,ENGLAND,Adil Rashid,4,0,11,4,0,3,2.80
OMAN vs ENGLAND,OMAN,Bilal Khan,2,0,36,1,0,0,18.00
OMAN vs ENGLAND,OMAN,Kaleemullah,1,0,10,1,1,0,10.00
OMAN vs ENGLAND,OMAN,Fayyaz Butt,0.1,0,4,0,0,0,24.00
PAPUA NEW GUINEA vs AFGHANISTAN,AFGHANISTAN,Fazalhaq Farooqi,4,0,16,3,0,5,4.00
PAPUA NEW GUINEA vs AFGHANISTAN,AFGHANISTAN,Nabi,1,0,9,0,0,0,9.00
PAPUA NEW GUINEA vs AFGHANISTAN,AFGHANISTAN,Naveen-ul-Haq,2.5,0,4,2,0,1,1.40
PAPUA NEW GUINEA vs AFGHANISTAN,AFGHANISTAN,Rashid Khan (c),4,0,25,0,0,5,6.20
PAPUA NEW GUINEA vs AFGHANISTAN,AFGHANISTAN,Noor Ahmad,4,0,14,1,0,1,3.50
PAPUA NEW GUINEA vs AFGHANISTAN,AFGHANISTAN,Azmatullah,2,1,5,0,0,0,2.50
PAPUA NEW GUINEA vs AFGHANISTAN,AFGHANISTAN,Karim Janat,2,0,10,0,0,1,5.00
PAPUA NEW GUINEA vs AFGHANISTAN,PAPUA NEW GUINEA,Alei Nao,4,0,26,1,0,3,6.50
PAPUA NEW GUINEA vs AFGHANISTAN,PAPUA NEW GUINEA,Semo Kamea,3,0,16,1,0,2,5.30
PAPUA NEW GUINEA vs AFGHANISTAN,PAPUA NEW GUINEA,Chad Soper,2.1,0,19,0,0,0,8.80
PAPUA NEW GUINEA vs AFGHANISTAN,PAPUA NEW GUINEA,Norman Vanua,3,0,18,1,0,0,6.00
PAPUA NEW GUINEA vs AFGHANISTAN,PAPUA NEW GUINEA,John Kariko,3,0,15,0,0,0,5.00
SOUTH AFRICA vs NEPAL,NEPAL,Sompal Kami,2,1,6,0,0,1,3.00
SOUTH AFRICA vs NEPAL,NEPAL,Dipendra Singh,4,0,21,3,0,1,5.20
SOUTH AFRICA vs NEPAL,NEPAL,Karan KC,1,0,9,0,0,0,9.00
SOUTH AFRICA vs NEPAL,NEPAL,Kushal Malla,2,0,17,0,0,0,8.50
SOUTH AFRICA vs NEPAL,NEPAL,Lamichhane,4,0,18,0,0,0,4.50
SOUTH AFRICA vs NEPAL,NEPAL,Kushal Bhurtel,4,0,19,4,0,1,4.80
SOUTH AFRICA vs NEPAL,NEPAL,Abinash Bohara,3,0,19,0,0,0,6.30
SOUTH AFRICA vs NEPAL,SOUTH AFRICA,Marco Jansen,4,0,16,0,0,0,4.00
SOUTH AFRICA vs NEPAL,SOUTH AFRICA,Kagiso Rabada,2,0,17,0,0,0,8.50
SOUTH AFRICA vs NEPAL,SOUTH AFRICA,Ottneil Baartman,4,0,20,0,0,0,5.00
SOUTH AFRICA vs NEPAL,SOUTH AFRICA,Anrich Nortje,4,0,27,1,0,3,6.80
SOUTH AFRICA vs NEPAL,SOUTH AFRICA,Tabraiz Shamsi,4,0,19,4,0,1,4.80
SOUTH AFRICA vs NEPAL,SOUTH AFRICA,Aiden Markram (c),2,0,8,1,0,0,4.00
UGANDA vs NEW ZEALAND,NEW ZEALAND,Boult,4,1,7,2,0,0,1.80
UGANDA vs NEW ZEALAND,NEW ZEALAND,Southee,4,1,4,3,0,0,1.00
UGANDA vs NEW ZEALAND,NEW ZEALAND,Santner,3.4,0,8,2,0,3,2.20
UGANDA vs NEW ZEALAND,NEW ZEALAND,Lockie Ferguson,4,0,9,1,0,2,2.20
UGANDA vs NEW ZEALAND,NEW ZEALAND,Rachin Ravindra,3,1,9,2,0,0,3.00
UGANDA vs NEW ZEALAND,UGANDA,Cosmas Kyewuta,2,0,13,0,1,2,6.50
UGANDA vs NEW ZEALAND,UGANDA,Juma Miyagi,2.2,0,16,0,0,0,6.90
UGANDA vs NEW ZEALAND,UGANDA,Riazat Ali Shah,1,0,10,1,0,4,10.00
ENGLAND vs NAMIBIA,NAMIBIA,Wiese,2,0,6,1,0,0,3.00
ENGLAND vs NAMIBIA,NAMIBIA,Trumpelmann,2,0,31,2,0,1,15.50
ENGLAND vs NAMIBIA,NAMIBIA,Bernard Scholtz,2,0,24,1,0,0,12.00
ENGLAND vs NAMIBIA,NAMIBIA,Gerhard Erasmus (c),2,0,26,0,0,0,13.00
ENGLAND vs NAMIBIA,NAMIBIA,Jack Brassell,2,0,32,0,0,0,16.00
ENGLAND vs NAMIBIA,ENGLAND,Reece Topley,2,0,6,0,1,0,3.00
ENGLAND vs NAMIBIA,ENGLAND,Jofra Archer,2,0,15,1,0,1,7.50
ENGLAND vs NAMIBIA,ENGLAND,Sam Curran,2,0,13,0,0,0,6.50
ENGLAND vs NAMIBIA,ENGLAND,Chris Jordan,2,0,19,1,0,0,9.50
ENGLAND vs NAMIBIA,ENGLAND,Adil Rashid,2,0,29,0,0,1,14.50
SCOTLAND vs AUSTRALIA,AUSTRALIA,Agar,4,0,39,1,0,1,9.80
SCOTLAND vs AUSTRALIA,AUSTRALIA,Mitchell Starc,4,0,31,0,0,1,7.80
SCOTLAND vs AUSTRALIA,AUSTRALIA,Nathan Ellis,4,0,34,1,0,4,8.50
SCOTLAND vs AUSTRALIA,AUSTRALIA,Maxwell,4,0,44,2,0,1,11.00
SCOTLAND vs AUSTRALIA,AUSTRALIA,Zampa,4,0,30,1,0,0,7.50
SCOTLAND vs AUSTRALIA,SCOTLAND,Michael Leask,4,0,39,0,0,0,9.80
SCOTLAND vs AUSTRALIA,SCOTLAND,Brad Wheal,3.4,1,28,1,0,0,7.60
SCOTLAND vs AUSTRALIA,SCOTLAND,Mark Watt,4,0,34,2,0,1,8.50
SCOTLAND vs AUSTRALIA,SCOTLAND,Christopher Sole,3,0,33,0,0,1,11.00
SCOTLAND vs AUSTRALIA,SCOTLAND,Safyaan Sharif,4,0,42,2,0,3,10.50
SCOTLAND vs AUSTRALIA,SCOTLAND,Chris Greaves,1,0,4,0,0,0,4.00
IRELAND vs PAKISTAN,PAKISTAN,Shaheen Afridi,4,0,22,3,0,2,5.50
IRELAND vs PAKISTAN,PAKISTAN,Amir,4,1,11,2,0,0,2.80
IRELAND vs PAKISTAN,PAKISTAN,Haris Rauf,4,0,17,1,0,0,4.20
IRELAND vs PAKISTAN,PAKISTAN,Abbas Afridi,3,0,31,0,0,2,10.30
IRELAND vs PAKISTAN,PAKISTAN,Shadab Khan,1,0,11,0,0,0,11.00
IRELAND vs PAKISTAN,PAKISTAN,Imad Wasim,4,0,8,3,0,0,2.00
IRELAND vs PAKISTAN,IRELAND,Mark Adair,4,0,24,1,0,1,6.00
IRELAND vs PAKISTAN,IRELAND,Joshua Little,3,0,17,0,0,0,5.70
IRELAND vs PAKISTAN,IRELAND,Barry McCarthy,4,1,15,3,0,1,3.80
IRELAND vs PAKISTAN,IRELAND,Benjamin White,2,0,11,1,0,0,5.50
IRELAND vs PAKISTAN,IRELAND,Curtis Campher,4,0,24,2,0,0,6.00
IRELAND vs PAKISTAN,IRELAND,Gareth Delany,1.5,0,19,0,0,1,10.40
BANGLADESH vs NEPAL,NEPAL,Sompal Kami,3,0,10,2,0,0,3.30
BANGLADESH vs NEPAL,NEPAL,Dipendra Singh,3.3,0,22,2,0,0,6.30
BANGLADESH vs NEPAL,NEPAL,Rohit Paudel (c),4,0,20,2,0,0,5.00
BANGLADESH vs NEPAL,NEPAL,Lamichhane,4,1,17,2,0,1,4.20
BANGLADESH vs NEPAL,NEPAL,Kushal Bhurtel,4,0,22,0,0,2,5.50
BANGLADESH vs NEPAL,NEPAL,Abinash Bohara,1,0,10,0,0,2,10.00
BANGLADESH vs NEPAL,BANGLADESH,Tanzim Hasan Sakib,4,2,7,4,0,1,1.80
BANGLADESH vs NEPAL,BANGLADESH,Taskin Ahmed,4,0,29,1,0,1,7.20
BANGLADESH vs NEPAL,BANGLADESH,Mustafizur Rahman,4,1,7,3,0,0,1.80
BANGLADESH vs NEPAL,BANGLADESH,Rishad Hossain,3,0,15,0,0,5,5.00
BANGLADESH vs NEPAL,BANGLADESH,Shakib Al Hasan,2.2,0,9,2,0,0,3.90
BANGLADESH vs NEPAL,BANGLADESH,Mahmudullah,2,0,15,0,0,0,7.50
SRI LANKA vs NETHERLANDS,NETHERLANDS,Kingma,3,0,23,1,0,3,7.70
SRI LANKA vs NETHERLANDS,NETHERLANDS,Aryan Dutt,3,0,23,1,0,1,7.70
SRI LANKA vs NETHERLANDS,NETHERLANDS,van Beek,4,0,45,2,0,2,11.20
SRI LANKA vs NETHERLANDS,NETHERLANDS,van Meekeren,3,0,37,1,0,2,12.30
SRI LANKA vs NETHERLANDS,NETHERLANDS,Tim Pringle,4,0,41,1,0,0,10.20
SRI LANKA vs NETHERLANDS,NETHERLANDS,Bas de Leede,3,0,32,0,0,0,10.70
SRI LANKA vs NETHERLANDS,SRI LANKA,Angelo Mathews,2,0,20,0,1,1,10.00
SRI LANKA vs NETHERLANDS,SRI LANKA,Nuwan Thushara,3.4,0,24,3,0,2,6.50
SRI LANKA vs NETHERLANDS,SRI LANKA,Maheesh Theekshana,3,0,25,1,0,1,8.30
SRI LANKA vs NETHERLANDS,SRI LANKA,Wanindu Hasaranga (c),4,0,25,2,0,0,6.20
SRI LANKA vs NETHERLANDS,SRI LANKA,Dasun Shanaka,1,0,10,1,0,0,10.00
SRI LANKA vs NETHERLANDS,SRI LANKA,Matheesha Pathirana,3,0,12,2,0,1,4.00
PAPUA NEW GUINEA vs NEW ZEALAND,NEW ZEALAND,Boult,4,0,14,2,0,0,3.50
PAPUA NEW GUINEA vs NEW ZEALAND,NEW ZEALAND,Southee,4,0,11,2,0,2,2.80
PAPUA NEW GUINEA vs NEW ZEALAND,NEW ZEALAND,Lockie Ferguson,4,4,0,3,0,0,0.00
PAPUA NEW GUINEA vs NEW ZEALAND,NEW ZEALAND,Ish Sodhi,3.4,0,29,2,0,1,7.90
PAPUA NEW GUINEA vs NEW ZEALAND,NEW ZEALAND,Santner,4,0,17,1,0,1,4.20
PAPUA NEW GUINEA vs NEW ZEALAND,PAPUA NEW GUINEA,Kabua Morea,2.2,0,4,2,0,0,1.70
PAPUA NEW GUINEA vs NEW ZEALAND,PAPUA NEW GUINEA,Alei Nao,3,0,22,0,0,0,7.30
PAPUA NEW GUINEA vs NEW ZEALAND,PAPUA NEW GUINEA,Assad Vala (c),1,0,4,0,0,0,4.00
PAPUA NEW GUINEA vs NEW ZEALAND,PAPUA NEW GUINEA,Charles Amini,1,0,5,0,0,0,5.00
PAPUA NEW GUINEA vs NEW ZEALAND,PAPUA NEW GUINEA,Semo Kamea,3,0,23,1,0,0,7.70
PAPUA NEW GUINEA vs NEW ZEALAND,PAPUA NEW GUINEA,Chad Soper,1,0,14,0,0,0,14.00
PAPUA NEW GUINEA vs NEW ZEALAND,PAPUA NEW GUINEA,Norman Vanua,1,0,6,0,0,0,6.00
WEST INDIES vs AFGHANISTAN,AFGHANISTAN,Fazalhaq Farooqi,3,0,38,0,1,1,12.70
WEST INDIES vs AFGHANISTAN,AFGHANISTAN,Azmatullah,2,0,41,1,1,5,20.50
WEST INDIES vs AFGHANISTAN,AFGHANISTAN,Rashid Khan (c),4,0,45,0,0,1,11.20
WEST INDIES vs AFGHANISTAN,AFGHANISTAN,Naveen-ul-Haq,4,0,41,1,0,2,10.20
WEST INDIES vs AFGHANISTAN,AFGHANISTAN,Noor Ahmad,4,0,20,0,0,0,5.00
WEST INDIES vs AFGHANISTAN,AFGHANISTAN,Nabi,1,0,15,0,0,0,15.00
WEST INDIES vs AFGHANISTAN,AFGHANISTAN,Gulbadin,2,0,14,2,0,0,7.00
WEST INDIES vs AFGHANISTAN,WEST INDIES,Akeal Hosein,4,1,21,2,0,2,5.20
WEST INDIES vs AFGHANISTAN,WEST INDIES,Andre Russell,2.2,0,17,1,0,0,7.30
WEST INDIES vs AFGHANISTAN,WEST INDIES,Alzarri Joseph,3,0,30,1,0,1,10.00
WEST INDIES vs AFGHANISTAN,WEST INDIES,Gudakesh Motie,4,0,28,2,0,0,7.00
WEST INDIES vs AFGHANISTAN,WEST INDIES,Obed McCoy,3,0,14,3,0,0,4.70
SOUTH AFRICA vs UNITED STATES OF AMERICA,UNITED STATES OF AMERICA,Netravalkar,4,0,21,2,0,0,5.20
SOUTH AFRICA vs UNITED STATES OF AMERICA,UNITED STATES OF AMERICA,Ali Khan,4,0,45,0,0,2,11.20
SOUTH AFRICA vs UNITED STATES OF AMERICA,UNITED STATES OF AMERICA,Jasdeep Singh,2,0,36,0,1,2,18.00
SOUTH AFRICA vs UNITED STATES OF AMERICA,UNITED STATES OF AMERICA,Nosthush Kenjige,3,0,29,0,0,0,9.70
SOUTH AFRICA vs UNITED STATES OF AMERICA,UNITED STATES OF AMERICA,Harmeet Singh,4,0,24,2,1,0,6.00
SOUTH AFRICA vs UNITED STATES OF AMERICA,UNITED STATES OF AMERICA,Steven Taylor,2,0,21,0,0,0,10.50
SOUTH AFRICA vs UNITED STATES OF AMERICA,UNITED STATES OF AMERICA,CJ Anderson,1,0,17,0,0,0,17.00
SOUTH AFRICA vs UNITED STATES OF AMERICA,SOUTH AFRICA,Marco Jansen,3,0,32,0,0,2,10.70
SOUTH AFRICA vs UNITED STATES OF AMERICA,SOUTH AFRICA,Aiden Markram (c),1,0,13,0,0,0,13.00
SOUTH AFRICA vs UNITED STATES OF AMERICA,SOUTH AFRICA,Kagiso Rabada,4,0,18,3,1,1,4.50
SOUTH AFRICA vs UNITED STATES OF AMERICA,SOUTH AFRICA,Keshav Maharaj,4,0,24,1,0,0,6.00
SOUTH AFRICA vs UNITED STATES OF AMERICA,SOUTH AFRICA,Anrich Nortje,4,0,37,1,0,1,9.20
SOUTH AFRICA vs UNITED STATES OF AMERICA,SOUTH AFRICA,Tabraiz Shamsi,4,0,50,1,0,2,12.50
WEST INDIES vs ENGLAND,ENGLAND,R Topley,3,0,26,0,0,4,8.70
WEST INDIES vs ENGLAND,ENGLAND,Mark Wood,3,0,36,0,0,4,12.00
WEST INDIES vs ENGLAND,ENGLAND,Jofra Archer,4,0,34,1,0,1,8.50
WEST INDIES vs ENGLAND,ENGLAND,Sam Curran,3,0,25,0,0,0,8.30
WEST INDIES vs ENGLAND,ENGLAND,Adil Rashid,4,0,21,1,0,1,5.20
WEST INDIES vs ENGLAND,ENGLAND,Moeen,2,0,15,1,0,0,7.50
WEST INDIES vs ENGLAND,ENGLAND,Livingstone,1,0,20,1,0,0,20.00
WEST INDIES vs ENGLAND,WEST INDIES,Akeal Hosein,4,0,35,0,0,1,8.80
WEST INDIES vs ENGLAND,WEST INDIES,Romario Shepherd,2,0,41,0,0,1,20.50
WEST INDIES vs ENGLAND,WEST INDIES,Andre Russell,2,0,21,1,0,2,10.50
WEST INDIES vs ENGLAND,WEST INDIES,Alzarri Joseph,2.3,0,32,0,0,0,12.80
WEST INDIES vs ENGLAND,WEST INDIES,Gudakesh Motie,4,0,32,0,0,0,8.00
WEST INDIES vs ENGLAND,WEST INDIES,Roston Chase,3,0,19,1,0,3,6.30
INDIA vs AFGHANISTAN,AFGHANISTAN,Fazalhaq Farooqi,4,0,33,3,0,2,8.20
INDIA vs AFGHANISTAN,AFGHANISTAN,Nabi,3,0,24,0,0,0,8.00
INDIA vs AFGHANISTAN,AFGHANISTAN,Naveen-ul-Haq,4,0,40,1,0,3,10.00
INDIA vs AFGHANISTAN,AFGHANISTAN,Rashid Khan (c),4,0,26,3,0,0,6.50
INDIA vs AFGHANISTAN,AFGHANISTAN,Noor Ahmad,3,0,30,0,0,1,10.00
INDIA vs AFGHANISTAN,AFGHANISTAN,Azmatullah,2,0,23,0,0,2,11.50
INDIA vs AFGHANISTAN,INDIA,Arshdeep Singh,4,0,36,3,0,5,9.00
INDIA vs AFGHANISTAN,INDIA,Jasprit Bumrah,4,1,7,3,0,0,1.80
INDIA vs AFGHANISTAN,INDIA,Axar Patel,3,1,15,1,0,0,5.00
INDIA vs AFGHANISTAN,INDIA,Hardik Pandya,2,0,13,0,0,1,6.50
INDIA vs AFGHANISTAN,INDIA,Kuldeep Yadav,4,0,32,2,1,1,8.00
INDIA vs AFGHANISTAN,INDIA,Ravindra Jadeja,3,0,20,1,0,0,6.70
BANGLADESH vs AUSTRALIA,AUSTRALIA,Mitchell Starc,4,0,21,1,0,2,5.20
BANGLADESH vs AUSTRALIA,AUSTRALIA,Hazlewood,4,1,25,0,0,1,6.20
BANGLADESH vs AUSTRALIA,AUSTRALIA,Cummins,4,0,29,3,0,7,7.20
BANGLADESH vs AUSTRALIA,AUSTRALIA,Zampa,4,0,24,2,0,0,6.00
BANGLADESH vs AUSTRALIA,AUSTRALIA,Stoinis,2,0,24,1,0,1,12.00
BANGLADESH vs AUSTRALIA,AUSTRALIA,Maxwell,2,0,14,1,0,0,7.00
BANGLADESH vs AUSTRALIA,BANGLADESH,Mahedi Hasan,4,0,22,0,0,0,5.50
BANGLADESH vs AUSTRALIA,BANGLADESH,Tanzim Hasan Sakib,1,0,9,0,0,0,9.00
BANGLADESH vs AUSTRALIA,BANGLADESH,Taskin Ahmed,1.2,0,22,0,0,0,16.50
BANGLADESH vs AUSTRALIA,BANGLADESH,Mustafizur Rahman,2,0,23,0,0,0,11.50
BANGLADESH vs AUSTRALIA,BANGLADESH,Rishad Hossain,3,0,23,2,0,0,7.70
SOUTH AFRICA vs ENGLAND,ENGLAND,R Topley,4,0,23,0,0,2,5.80
SOUTH AFRICA vs ENGLAND,ENGLAND,Moeen,3,0,25,1,0,0,8.30
SOUTH AFRICA vs ENGLAND,ENGLAND,Jofra Archer,4,0,40,3,0,1,10.00
SOUTH AFRICA vs ENGLAND,ENGLAND,Sam Curran,3,0,29,0,0,1,9.70
SOUTH AFRICA vs ENGLAND,ENGLAND,Adil Rashid,4,0,20,1,0,0,5.00
SOUTH AFRICA vs ENGLAND,ENGLAND,Mark Wood,2,0,22,0,0,2,11.00
SOUTH AFRICA vs ENGLAND,SOUTH AFRICA,Marco Jansen,4,0,31,0,1,0,7.80
SOUTH AFRICA vs ENGLAND,SOUTH AFRICA,Kagiso Rabada,4,0,32,2,0,2,8.00
SOUTH AFRICA vs ENGLAND,SOUTH AFRICA,Keshav Maharaj,4,0,25,2,0,0,6.20
SOUTH AFRICA vs ENGLAND,SOUTH AFRICA,Ottneil Baartman,3,0,27,1,0,0,9.00
SOUTH AFRICA vs ENGLAND,SOUTH AFRICA,Anrich Nortje,4,0,35,1,0,1,8.80
SOUTH AFRICA vs ENGLAND,SOUTH AFRICA,Aiden Markram (c),1,0,4,0,0,0,4.00
UNITED STATES OF AMERICA vs WEST INDIES,WEST INDIES,Akeal Hosein,3,0,13,0,0,0,4.30
UNITED STATES OF AMERICA vs WEST INDIES,WEST INDIES,Russell,3.5,0,31,3,0,3,8.10
UNITED STATES OF AMERICA vs WEST INDIES,WEST INDIES,Obed McCoy,2,0,20,0,0,1,10.00
UNITED STATES OF AMERICA vs WEST INDIES,WEST INDIES,Alzarri Joseph,4,0,31,2,1,1,7.80
UNITED STATES OF AMERICA vs WEST INDIES,WEST INDIES,Motie,3,0,14,1,0,0,4.70
UNITED STATES OF AMERICA vs WEST INDIES,WEST INDIES,Roston Chase,4,0,19,3,0,1,4.80
UNITED STATES OF AMERICA vs WEST INDIES,UNITED STATES OF AMERICA,Saurabh Netravalkar,2.5,0,31,0,0,0,10.90
UNITED STATES OF AMERICA vs WEST INDIES,UNITED STATES OF AMERICA,Nosthush Kenjige,1,0,11,0,0,0,11.00
UNITED STATES OF AMERICA vs WEST INDIES,UNITED STATES OF AMERICA,Ali Khan,2,0,18,0,0,2,9.00
UNITED STATES OF AMERICA vs WEST INDIES,UNITED STATES OF AMERICA,Harmeet Singh,2,0,18,1,0,0,9.00
UNITED STATES OF AMERICA vs WEST INDIES,UNITED STATES OF AMERICA,Shadley van Schalkwyk,2,0,29,0,0,1,14.50
UNITED STATES OF AMERICA vs WEST INDIES,UNITED STATES OF AMERICA,Milind Kumar,1,0,22,0,0,2,22.00
INDIA vs BANGLADESH,BANGLADESH,Mahedi Hasan,4,0,28,0,0,0,7.00
INDIA vs BANGLADESH,BANGLADESH,Shakib,3,0,37,1,0,1,12.30
INDIA vs BANGLADESH,BANGLADESH,Tanzim Hasan Sakib,4,0,32,2,0,1,8.00
INDIA vs BANGLADESH,BANGLADESH,Mustafizur,4,0,48,0,1,1,12.00
INDIA vs BANGLADESH,BANGLADESH,Rishad Hossain,3,0,43,2,0,2,14.30
INDIA vs BANGLADESH,BANGLADESH,Mahmudullah,2,0,8,0,0,1,4.00
INDIA vs BANGLADESH,INDIA,Arshdeep Singh,4,0,30,2,0,1,7.50
INDIA vs BANGLADESH,INDIA,Jasprit Bumrah,4,0,13,2,0,0,3.20
INDIA vs BANGLADESH,INDIA,Axar Patel,2,0,26,0,0,0,13.00
INDIA vs BANGLADESH,INDIA,Hardik Pandya,3,0,32,1,0,2,10.70
INDIA vs BANGLADESH,INDIA,Ravindra Jadeja,3,0,24,0,0,0,8.00
INDIA vs BANGLADESH,INDIA,Kuldeep Yadav,4,0,19,3,0,0,4.80
AFGHANISTAN vs AUSTRALIA,AUSTRALIA,Agar,4,1,17,0,0,0,4.20
AFGHANISTAN vs AUSTRALIA,AUSTRALIA,Hazlewood,4,0,39,0,0,1,9.80
AFGHANISTAN vs AUSTRALIA,AUSTRALIA,Cummins,4,0,28,3,0,1,7.00
AFGHANISTAN vs AUSTRALIA,AUSTRALIA,Zampa,4,0,28,2,0,1,7.00
AFGHANISTAN vs AUSTRALIA,AUSTRALIA,Maxwell,2,0,12,0,0,1,6.00
AFGHANISTAN vs AUSTRALIA,AUSTRALIA,Stoinis,2,0,19,1,0,0,9.50
AFGHANISTAN vs AUSTRALIA,AFGHANISTAN,Naveen-ul-Haq,4,0,20,3,0,0,5.00
AFGHANISTAN vs AUSTRALIA,AFGHANISTAN,Fazalhaq Farooqi,3,0,21,0,1,0,7.00
AFGHANISTAN vs AUSTRALIA,AFGHANISTAN,Azmatullah Omarzai,1.2,0,10,1,0,0,7.50
AFGHANISTAN vs AUSTRALIA,AFGHANISTAN,Mohammad Nabi,1,0,1,1,0,0,1.00
AFGHANISTAN vs AUSTRALIA,AFGHANISTAN,Nangeyalia Kharote,1,0,13,0,0,0,13.00
AFGHANISTAN vs AUSTRALIA,AFGHANISTAN,Rashid Khan (c),4,0,23,1,0,2,5.80
AFGHANISTAN vs AUSTRALIA,AFGHANISTAN,Noor Ahmad,1,0,11,0,0,5,11.00
AFGHANISTAN vs AUSTRALIA,AFGHANISTAN,Gulbadin Naib,4,0,20,4,0,0,5.00
UNITED STATES OF AMERICA vs ENGLAND,ENGLAND,R Topley,3,0,29,1,0,0,9.70
UNITED STATES OF AMERICA vs ENGLAND,ENGLAND,Jofra Archer,3,0,16,0,0,0,5.30
UNITED STATES OF AMERICA vs ENGLAND,ENGLAND,Sam Curran,2,0,23,2,0,0,11.50
UNITED STATES OF AMERICA vs ENGLAND,ENGLAND,Adil Rashid,4,0,13,2,0,1,3.20
UNITED STATES OF AMERICA vs ENGLAND,ENGLAND,Livingstone,4,0,24,1,0,0,6.00
UNITED STATES OF AMERICA vs ENGLAND,ENGLAND,Chris Jordan,2.5,0,10,4,0,0,3.50
UNITED STATES OF AMERICA vs ENGLAND,UNITED STATES OF AMERICA,Saurabh Netravalkar,2,0,21,0,0,0,10.50
UNITED STATES OF AMERICA vs ENGLAND,UNITED STATES OF AMERICA,Harmeet Singh,2,0,36,0,0,2,18.00
UNITED STATES OF AMERICA vs ENGLAND,UNITED STATES OF AMERICA,Nosthush Kenjige,2,0,19,0,0,0,9.50
UNITED STATES OF AMERICA vs ENGLAND,UNITED STATES OF AMERICA,Ali Khan,2,0,26,0,0,6,13.00
UNITED STATES OF AMERICA vs ENGLAND,UNITED STATES OF AMERICA,Shadley van Schalkwyk,1.4,0,15,0,1,0,9.00
WEST INDIES vs SOUTH AFRICA,SOUTH AFRICA,Marco Jansen,2,0,17,1,0,4,8.50
WEST INDIES vs SOUTH AFRICA,SOUTH AFRICA,Markram (c),4,0,28,1,0,2,7.00
WEST INDIES vs SOUTH AFRICA,SOUTH AFRICA,Maharaj,4,0,24,1,0,0,6.00
WEST INDIES vs SOUTH AFRICA,SOUTH AFRICA,Nortje,4,0,26,0,0,2,6.50
WEST INDIES vs SOUTH AFRICA,SOUTH AFRICA,Shamsi,4,0,27,3,0,0,6.80
WEST INDIES vs SOUTH AFRICA,SOUTH AFRICA,Rabada,2,0,11,1,0,0,5.50
WEST INDIES vs SOUTH AFRICA,WEST INDIES,Akeal Hosein,3,0,31,0,0,0,10.30
WEST INDIES vs SOUTH AFRICA,WEST INDIES,Andre Russell,4,0,19,2,0,1,4.80
WEST INDIES vs SOUTH AFRICA,WEST INDIES,Alzarri Joseph,4,0,25,2,0,5,6.20
WEST INDIES vs SOUTH AFRICA,WEST INDIES,Gudakesh Motie,1,0,20,0,0,0,20.00
WEST INDIES vs SOUTH AFRICA,WEST INDIES,Obed McCoy,1.1,0,15,0,0,3,12.90
WEST INDIES vs SOUTH AFRICA,WEST INDIES,Roston Chase,3,0,12,3,0,0,4.00
INDIA vs AUSTRALIA,AUSTRALIA,Mitchell Starc,4,0,45,2,0,1,11.20
INDIA vs AUSTRALIA,AUSTRALIA,Hazlewood,4,0,14,1,0,0,3.50
INDIA vs AUSTRALIA,AUSTRALIA,Cummins,4,0,48,0,0,0,12.00
INDIA vs AUSTRALIA,AUSTRALIA,Zampa,4,0,41,0,0,0,10.20
INDIA vs AUSTRALIA,AUSTRALIA,Stoinis,4,0,56,2,0,1,14.00
INDIA vs AUSTRALIA,INDIA,Arshdeep Singh,4,0,37,3,0,2,9.20
INDIA vs AUSTRALIA,INDIA,Jasprit Bumrah,4,0,29,1,0,0,7.20
INDIA vs AUSTRALIA,INDIA,Axar Patel,3,0,21,1,0,0,7.00
INDIA vs AUSTRALIA,INDIA,Hardik Pandya,4,0,47,0,0,1,11.80
INDIA vs AUSTRALIA,INDIA,Kuldeep Yadav,4,0,24,2,0,0,6.00
INDIA vs AUSTRALIA,INDIA,Ravindra Jadeja,1,0,17,0,0,0,17.00
AFGHANISTAN vs BANGLADESH,BANGLADESH,Tanzim Hasan Sakib,4,0,36,0,0,5,9.00
AFGHANISTAN vs BANGLADESH,BANGLADESH,Taskin Ahmed,4,1,12,1,0,0,3.00
AFGHANISTAN vs BANGLADESH,BANGLADESH,Shakib,4,0,19,0,0,0,4.80
AFGHANISTAN vs BANGLADESH,BANGLADESH,Mustafizur,4,0,17,1,0,0,4.20
AFGHANISTAN vs BANGLADESH,BANGLADESH,Rishad Hossain,4,0,26,3,0,3,6.50
AFGHANISTAN vs BANGLADESH,AFGHANISTAN,Naveen-ul-Haq,3.5,0,26,4,0,0,6.80
AFGHANISTAN vs BANGLADESH,AFGHANISTAN,Fazalhaq Farooqi,2,0,15,1,0,2,7.50
AFGHANISTAN vs BANGLADESH,AFGHANISTAN,Mohammad Nabi,2,0,15,0,0,0,7.50
AFGHANISTAN vs BANGLADESH,AFGHANISTAN,Rashid Khan (c),4,0,23,4,0,1,5.80
AFGHANISTAN vs BANGLADESH,AFGHANISTAN,Noor Ahmad,4,0,13,0,0,0,3.20
AFGHANISTAN vs BANGLADESH,AFGHANISTAN,Gulbadin Naib,2,0,5,1,0,0,2.50
AFGHANISTAN vs SOUTH AFRICA,SOUTH AFRICA,Marco Jansen,3,0,16,3,0,4,5.30
AFGHANISTAN vs SOUTH AFRICA,SOUTH AFRICA,Maharaj,1,0,6,0,0,0,6.00
AFGHANISTAN vs SOUTH AFRICA,SOUTH AFRICA,Rabada,3,1,14,2,0,0,4.70
AFGHANISTAN vs SOUTH AFRICA,SOUTH AFRICA,Nortje,3,0,7,2,0,1,2.30
AFGHANISTAN vs SOUTH AFRICA,SOUTH AFRICA,Shamsi,1.5,0,6,3,0,1,3.30
AFGHANISTAN vs SOUTH AFRICA,AFGHANISTAN,Naveen-ul-Haq,3,0,15,0,0,1,5.00
AFGHANISTAN vs SOUTH AFRICA,AFGHANISTAN,Fazalhaq Farooqi,2,0,11,1,0,1,5.50
AFGHANISTAN vs SOUTH AFRICA,AFGHANISTAN,Rashid Khan (c),1,0,8,0,0,0,8.00
AFGHANISTAN vs SOUTH AFRICA,AFGHANISTAN,Azmatullah Omarzai,1.5,0,18,0,1,0,9.80
AFGHANISTAN vs SOUTH AFRICA,AFGHANISTAN,Gulbadin Naib,1,0,8,0,0,0,8.00
INDIA vs ENGLAND,ENGLAND,R Topley,3,0,25,1,0,0,8.30
INDIA vs ENGLAND,ENGLAND,Jofra Archer,4,0,33,1,0,0,8.20
INDIA vs ENGLAND,ENGLAND,Sam Curran,2,0,25,1,0,0,12.50
INDIA vs ENGLAND,ENGLAND,Adil Rashid,4,0,25,1,0,0,6.20
INDIA vs ENGLAND,ENGLAND,Chris Jordan,3,0,37,3,0,0,12.30
INDIA vs ENGLAND,ENGLAND,Livingstone,4,0,24,0,0,1,6.00
INDIA vs ENGLAND,INDIA,Arshdeep Singh,2,0,17,0,0,0,8.50
INDIA vs ENGLAND,INDIA,Jasprit Bumrah,2.4,0,12,2,0,0,4.50
INDIA vs ENGLAND,INDIA,Axar Patel,4,0,23,3,0,0,5.80
INDIA vs ENGLAND,INDIA,Kuldeep Yadav,4,0,19,3,0,0,4.80
INDIA vs ENGLAND,INDIA,Ravindra Jadeja,3,0,16,0,0,0,5.30
INDIA vs ENGLAND,INDIA,Hardik Pandya,1,0,14,0,0,0,14.00
INDIA vs SOUTH AFRICA,SOUTH AFRICA,Marco Jansen,4,0,49,1,1,1,12.20
INDIA vs SOUTH AFRICA,SOUTH AFRICA,Maharaj,3,0,23,2,0,0,7.70
INDIA vs SOUTH AFRICA,SOUTH AFRICA,Rabada,4,0,36,1,0,2,9.00
INDIA vs SOUTH AFRICA,SOUTH AFRICA,Markram (c),2,0,16,0,0,0,8.00
INDIA vs SOUTH AFRICA,SOUTH AFRICA,Nortje,4,0,26,2,0,2,6.50
INDIA vs SOUTH AFRICA,SOUTH AFRICA,Shamsi,3,0,26,0,0,1,8.70
INDIA vs SOUTH AFRICA,INDIA,Arshdeep Singh,4,0,20,2,0,0,5.00
INDIA vs SOUTH AFRICA,INDIA,Jasprit Bumrah,4,0,18,2,0,0,4.50
INDIA vs SOUTH AFRICA,INDIA,Axar Patel,4,0,49,1,0,2,12.20
INDIA vs SOUTH AFRICA,INDIA,Kuldeep Yadav,4,0,45,0,0,0,11.20
INDIA vs SOUTH AFRICA,INDIA,Hardik Pandya,3,0,20,3,1,1,6.70
INDIA vs SOUTH AFRICA,INDIA,Ravindra Jadeja,1,0,12,0,0,0,12.00
