player_id,player_name_x,team_x,total_runs,balls_faced,fours,sixes,innings_batted,strike_rate,boundary_runs,boundary_pct,avg_batting_pos,player_name_y,team_y,total_wickets,runs_conceded,balls_bowled,innings_bowled,overs_bowled,economy,player_name,team,role_clean,bowling_type,dashboard_role,batting_role,batting_impact,bowling_impact,allrounder_impact
P1,Rohit Sharma (c),India,257.0,164.0,24.0,15.0,8.0,156.70731707317074,186.0,72.37354085603113,1.0,,,,,,,,,Rohit Sharma,India,bat,offbreak,Batsman,Opener,189.98690329315744,,
P100,Chris Greaves,Scotland,13.0,13.0,0.0,0.0,2.0,100.0,0.0,0.0,7.0,Chris Greaves,SCOTLAND,2.0,30.0,30.0,3.0,5.0,6.0,Chris Greaves,Scotland,bowl,legbreak,Spinner,Not a Batter,36.5,-1.2000000000000004,21.419999999999998
P101,,,,,,,,,,,,Safyaan Sharif,SCOTLAND,4.0,82.0,48.0,2.0,8.0,10.25,Safyaan Sharif,Scotland,bowl,fast-medium,Pacer,Not a Batter,,-1.7000000000000006,
P102,,,,,,,,,,,,Christopher Sole,SCOTLAND,2.0,97.0,60.0,3.0,10.0,9.7,Christopher Sole,Scotland,bowl,fast-medium,Pacer,Not a Batter,,-2.6799999999999997,
P103,,,,,,,,,,,,Mark Watt,SCOTLAND,3.0,98.0,72.0,3.0,12.0,8.166666666666666,Mark Watt,Scotland,bowl,orthodox,Spinner,Not a Batter,,-1.4666666666666668,
P104,,,,,,,,,,,,Wheal,SCOTLAND,5.0,80.0,70.0,3.0,11.666666666666666,6.857142857142858,Brad Wheal,Scotland,bowl,fast-medium,Pacer,Not a Batter,,0.2571428571428567,
P105,,,,,,,,,,,,Bradley Currie,SCOTLAND,2.0,16.0,24.0,1.0,4.0,4.0,Brad Currie,Scotland,bowl,fast-medium,Pacer,Not a Batter,,-0.40000000000000013,
P106,Kashyap,Oman,16.0,33.0,1.0,1.0,3.0,48.484848484848484,10.0,62.5,1.3333333333333333,,,,,,,,,Kashyap Prajapati,Oman,bat,offbreak,Batsman,Opener,35.04545454545455,,
P107,Shoaib Khan,Oman,11.0,27.0,1.0,0.0,2.0,40.74074074074074,4.0,36.36363636363637,7.0,,,,,,,,,Shoaib Khan,Oman,bat,medium,Batsman,Finisher,24.994949494949495,,
P108,Mehran Khan,Oman,47.0,36.0,4.0,2.0,4.0,130.55555555555557,28.0,59.57446808510638,7.75,Mehran Khan,OMAN,6.0,61.0,48.0,3.0,8.0,7.625,Mehran Khan,Oman,bat,medium,Batsman,Finisher,74.58156028368795,0.5499999999999994,44.968936170212764
P109,Khalid Kail,Oman,48.0,61.0,2.0,1.0,4.0,78.68852459016394,14.0,29.166666666666668,5.0,,,,,,,,,Khalid Kail,Oman,bat,unknown,Batsman,Middle Order,53.43989071038252,,
P11,,,,,,,,,,,,Kuldeep Yadav,INDIA,10.0,139.0,120.0,5.0,20.0,6.95,Kuldeep Yadav,India,bowl,unknown,Pacer,Not a Batter,,3.2199999999999998,
P110,Aqib Ilyas (c),Oman,42.0,35.0,5.0,2.0,4.0,120.0,32.0,76.19047619047619,3.0,Aqib Ilyas (c),OMAN,2.0,76.0,66.0,3.0,11.0,6.909090909090909,Aqib Ilyas,Oman,bat,offbreak,Batsman,Anchor,72.23809523809524,-1.5636363636363637,42.7174025974026
P111,Zeeshan Maqsood,Oman,27.0,36.0,4.0,0.0,4.0,75.0,16.0,59.25925925925925,4.0,Zeeshan Maqsood,OMAN,0.0,46.0,30.0,3.0,5.0,9.2,Zeeshan Maqsood,Oman,ar,orthodox,All-Rounder,Middle Order,47.85185185185185,-3.6799999999999997,27.239111111111107
P112,Rafiullah,Oman,0.0,3.0,0.0,0.0,1.0,0.0,0.0,,8.0,,,,,,,,,Rafiullah,Oman,ar,medium,All-Rounder,Finisher,,,
P113,Ayaan Khan,Oman,93.0,95.0,6.0,3.0,4.0,97.89473684210527,42.0,45.16129032258064,6.0,Ayaan Khan,OMAN,1.0,32.0,18.0,2.0,3.0,10.666666666666666,Ayaan Khan,Oman,ar,orthodox,All-Rounder,Finisher,84.90067911714772,-3.6666666666666665,49.47374080362196
P114,Mohammad Nadeem,Oman,6.0,10.0,0.0,0.0,1.0,60.0,0.0,0.0,7.0,,,,,,,,,Mohammad Nadeem,Oman,ar,fast-medium,All-Rounder,Finisher,21.0,,
P115,Pratik Athavale,Oman,59.0,44.0,6.0,2.0,3.0,134.0909090909091,36.0,61.016949152542374,1.3333333333333333,,,,,,,,,Pratik Athavale WK-,Oman,wk,offbreak,Batsman,Opener,81.93066255778119,,
P116,Naseem Khushi,Oman,16.0,15.0,1.0,1.0,2.0,106.66666666666667,10.0,62.5,2.0,,,,,,,,,Naseem Khushi WK-,Oman,wk,unknown,Batsman,Opener,52.5,,
P117,Shakeel Ahmed,Oman,25.0,21.0,3.0,0.0,3.0,119.04761904761905,12.0,48.0,9.0,Shakeel Ahmed,OMAN,0.0,71.0,54.0,3.0,9.0,7.888888888888889,Shakeel Ahmed,Oman,bowl,orthodox,Spinner,Not a Batter,57.81428571428572,-3.155555555555556,33.42634920634921
P118,Bilal Khan,Oman,2.0,4.0,0.0,0.0,3.0,50.0,0.0,0.0,11.0,Bilal Khan,OMAN,4.0,109.0,73.0,4.0,12.166666666666666,8.958904109589042,Bilal Khan,Oman,bowl,fast-medium,Pacer,Not a Batter,16.0,-1.1835616438356173,9.126575342465753
P119,Fayyaz Butt,Oman,2.0,7.0,0.0,0.0,1.0,28.57142857142857,0.0,0.0,9.0,Fayyaz Butt,OMAN,0.0,4.0,1.0,1.0,0.16666666666666666,24.0,Fayyaz Butt,Oman,bowl,fast-medium,Pacer,Not a Batter,9.571428571428571,-9.600000000000001,1.9028571428571421
P120,Kaleemullah,Oman,13.0,12.0,1.0,0.0,3.0,108.33333333333333,4.0,30.76923076923077,10.0,Kaleemullah,OMAN,2.0,67.0,48.0,4.0,8.0,8.375,Kaleemullah,Oman,bowl,medium,Pacer,Not a Batter,45.15384615384615,-2.1500000000000004,26.232307692307693
P121,Aiden Markram (c),South Africa,123.0,122.0,14.0,2.0,9.0,100.81967213114753,68.0,55.28455284552846,3.2222222222222223,Aiden Markram (c),SOUTH AFRICA,2.0,69.0,60.0,5.0,10.0,6.9,Aiden Markram,South Africa,bat,offbreak,Batsman,Anchor,102.80281220844995,-1.5600000000000003,61.05768732506996
P122,Reeza Hendricks,South Africa,113.0,129.0,11.0,3.0,9.0,87.59689922480621,62.0,54.86725663716814,1.5555555555555556,,,,,,,,,Reeza Hendricks,South Africa,bat,offbreak,Batsman,Opener,93.75252109487548,,
P123,David Miller,South Africa,169.0,165.0,10.0,8.0,8.0,102.42424242424242,88.0,52.071005917159766,5.375,,,,,,,,,David Miller,South Africa,bat,unknown,Batsman,Middle Order,125.64147391070468,,
P124,Marco Jansen,South Africa,32.0,33.0,1.0,1.0,6.0,96.96969696969697,10.0,31.25,7.0,Marco Jansen,SOUTH AFRICA,7.0,213.0,187.0,9.0,31.166666666666668,6.834224598930481,Marco Jansen,South Africa,ar,fast,All-Rounder,Finisher,51.34090909090909,1.4663101604278075,31.391069518716577
P125,Quinton de Kock,South Africa,243.0,173.0,21.0,13.0,9.0,140.46242774566474,162.0,66.66666666666666,1.4444444444444444,,,,,,,,,Quinton de Kock WK-,South Africa,wk,unknown,Batsman,Opener,176.97206165703275,,
P126,Heinrich Klaasen,South Africa,190.0,150.0,9.0,13.0,8.0,126.66666666666666,114.0,60.0,4.625,,,,,,,,,Heinrich Klaasen WK-,South Africa,wk,offbreak,Batsman,Middle Order,145.0,,
P128,Tristan Stubbs,South Africa,165.0,163.0,13.0,3.0,8.0,101.22699386503066,70.0,42.42424242424242,4.75,,,,,,,,,Tristan Stubbs WK-,South Africa,wk,offbreak,Batsman,Middle Order,121.35294664435769,,
P129,,,,,,,,,,,,Ottneil Baartman,SOUTH AFRICA,6.0,94.0,114.0,5.0,19.0,4.947368421052632,Ottneil Baartman,South Africa,bowl,fast-medium,Pacer,Not a Batter,,1.6210526315789469,
P13,Arshdeep Singh,India,12.0,16.0,1.0,0.0,3.0,75.0,4.0,33.33333333333333,9.0,Arshdeep Singh,INDIA,17.0,215.0,180.0,8.0,30.0,7.166666666666667,Arshdeep Singh,India,bowl,fast-medium,Pacer,Not a Batter,35.166666666666664,7.333333333333332,24.03333333333333
P132,Keshav Maharaj,South Africa,13.0,24.0,1.0,0.0,5.0,54.166666666666664,4.0,30.76923076923077,8.0,Maharaj,SOUTH AFRICA,11.0,175.0,168.0,8.0,28.0,6.25,Keshav Maharaj,South Africa,bowl,orthodox,Spinner,Not a Batter,28.903846153846153,4.1,18.982307692307693
P133,Anrich Nortje,South Africa,1.0,1.0,0.0,0.0,1.0,100.0,0.0,0.0,10.0,Nortje,SOUTH AFRICA,15.0,201.0,210.0,9.0,35.0,5.742857142857143,Anrich Nortje,South Africa,bowl,fast,Pacer,Not a Batter,30.5,6.702857142857143,20.981142857142856
P134,Rabada,South Africa,9.0,7.0,2.0,0.0,3.0,128.57142857142858,8.0,88.88888888888889,8.666666666666666,Rabada,SOUTH AFRICA,13.0,195.0,186.0,9.0,31.0,6.290322580645161,Kagiso Rabada,South Africa,bowl,fast,Pacer,Not a Batter,60.849206349206355,5.283870967741935,38.62307219662058
P135,,,,,,,,,,,,Tabraiz Shamsi,SOUTH AFRICA,11.0,128.0,101.0,5.0,16.833333333333332,7.6039603960396045,Tabraiz Shamsi,South Africa,bowl,unknown,Pacer,Not a Batter,,3.5584158415841576,
P136,Pathum Nissanka,Sri Lanka,50.0,38.0,7.0,1.0,3.0,131.57894736842107,34.0,68.0,1.0,,,,,,,,,Pathum Nissanka,Sri Lanka,bat,unknown,Batsman,Opener,78.07368421052632,,
P137,Asalanka,Sri Lanka,71.0,51.0,2.0,6.0,3.0,139.2156862745098,44.0,61.97183098591549,5.333333333333333,,,,,,,,,Charith Asalanka,Sri Lanka,ar,offbreak,All-Rounder,Middle Order,89.65907207953605,,
P138,Dhananjaya de Silva,Sri Lanka,55.0,52.0,4.0,1.0,2.0,105.76923076923077,22.0,40.0,4.0,Dhananjaya de Silva,SRI LANKA,1.0,11.0,12.0,1.0,2.0,5.5,Dhananjaya de Silva,Sri Lanka,ar,offbreak,All-Rounder,Middle Order,67.23076923076923,-1.6,39.69846153846154
P139,Mathews,Sri Lanka,62.0,50.0,2.0,4.0,3.0,124.0,32.0,51.61290322580645,6.666666666666667,Angelo Mathews,SRI LANKA,0.0,36.0,30.0,2.0,5.0,7.2,Angelo Mathews,Sri Lanka,ar,fast-medium,All-Rounder,Finisher,78.52258064516128,-2.8800000000000003,45.96154838709677
P14,Bumrah,India,0.0,1.0,0.0,0.0,1.0,0.0,0.0,,10.0,Bumrah,INDIA,15.0,124.0,178.0,8.0,29.666666666666668,4.179775280898876,Jasprit Bumrah,India,bowl,fast,Pacer,Not a Batter,,7.328089887640449,
P140,Kamindu Mendis,Sri Lanka,32.0,40.0,3.0,1.0,3.0,80.0,18.0,56.25,3.0,,,,,,,,,Kamindu Mendis,Sri Lanka,ar,offbreak,All-Rounder,Anchor,51.25,,
P141,Shanaka,Sri Lanka,12.0,18.0,0.0,1.0,3.0,66.66666666666666,6.0,50.0,7.666666666666667,Dasun Shanaka,SRI LANKA,2.0,27.0,30.0,3.0,5.0,5.4,Dasun Shanaka,Sri Lanka,ar,medium,All-Rounder,Finisher,36.0,-0.9600000000000002,21.215999999999998
P142,W Hasaranga (c),Sri Lanka,20.0,9.0,1.0,2.0,3.0,222.22222222222223,16.0,80.0,6.0,Wanindu Hasaranga (c),SRI LANKA,6.0,79.0,68.0,3.0,11.333333333333334,6.970588235294117,Wanindu Hasaranga,Sri Lanka,ar,legbreak,All-Rounder,Finisher,92.66666666666667,0.8117647058823527,55.924705882352946
P144,Kusal Mendis,Sri Lanka,75.0,67.0,8.0,0.0,3.0,111.94029850746267,32.0,42.66666666666667,2.0,,,,,,,,,Kusal Mendis WK-,Sri Lanka,wk,unknown,Batsman,Opener,79.61542288557213,,
P145,Samarawickrama,Sri Lanka,0.0,1.0,0.0,0.0,1.0,0.0,0.0,,5.0,,,,,,,,,Sadeera Samarawickrama WK-,Sri Lanka,wk,unknown,Batsman,Middle Order,,,
P148,Matheesha Pathirana,Sri Lanka,0.0,5.0,0.0,0.0,2.0,0.0,0.0,,10.0,Matheesha Pathirana,SRI LANKA,3.0,51.0,60.0,3.0,10.0,5.1,Matheesha Pathirana,Sri Lanka,bowl,fast,Pacer,Not a Batter,,-0.2400000000000002,
P149,M Theekshana,Sri Lanka,7.0,19.0,1.0,0.0,2.0,36.84210526315789,4.0,57.14285714285714,9.0,Maheesh Theekshana,SRI LANKA,1.0,53.0,48.0,3.0,8.0,6.625,Maheesh Theekshana,Sri Lanka,bowl,offbreak,Spinner,Not a Batter,25.981203007518793,-2.0500000000000003,14.768721804511275
P15,Siraj,India,7.0,7.0,0.0,0.0,1.0,100.0,0.0,0.0,11.0,Siraj,INDIA,1.0,57.0,66.0,3.0,11.0,5.181818181818182,Mohammed Siraj,India,bowl,fast,Pacer,Not a Batter,33.5,-1.4727272727272727,19.510909090909088
P150,N Thushara,Sri Lanka,0.0,5.0,0.0,0.0,2.0,0.0,0.0,,11.0,Nuwan Thushara,SRI LANKA,8.0,60.0,64.0,3.0,10.666666666666666,5.625,Nuwan Thushara,Sri Lanka,bowl,fast-medium,Pacer,Not a Batter,,2.55,
P151,Kane Williamson (c),New Zealand,28.0,32.0,3.0,0.0,3.0,87.5,12.0,42.857142857142854,3.6666666666666665,,,,,,,,,Kane Williamson,New Zealand,bat,offbreak,Batsman,Middle Order,48.82142857142857,,
P152,Finn Allen,New Zealand,35.0,43.0,4.0,1.0,4.0,81.3953488372093,22.0,62.857142857142854,1.25,,,,,,,,,Finn Allen,New Zealand,bat,unknown,Batsman,Opener,54.49003322259136,,
P153,Mark Chapman,New Zealand,4.0,7.0,0.0,0.0,1.0,57.14285714285714,0.0,0.0,6.0,,,,,,,,,Mark Chapman,New Zealand,bat,orthodox,Batsman,Finisher,19.142857142857142,,
P154,Glenn Phillips,New Zealand,58.0,51.0,5.0,2.0,2.0,113.72549019607843,32.0,55.172413793103445,5.5,Glenn Phillips,NEW ZEALAND,0.0,9.0,6.0,1.0,1.0,9.0,Glenn Phillips,New Zealand,ar,offbreak,All-Rounder,Middle Order,74.15212981744422,-3.6,43.05127789046653
P155,Michael Bracewell,New Zealand,0.0,1.0,0.0,0.0,1.0,0.0,0.0,,7.0,M Bracewell,NEW ZEALAND,0.0,27.0,18.0,1.0,3.0,9.0,Michael Bracewell,New Zealand,ar,offbreak,All-Rounder,Finisher,,-3.6,
P156,Daryl Mitchell,New Zealand,36.0,30.0,5.0,0.0,3.0,120.0,20.0,55.55555555555556,4.666666666666667,Daryl Mitchell,NEW ZEALAND,0.0,35.0,12.0,2.0,2.0,17.5,Daryl Mitchell,New Zealand,ar,medium,All-Rounder,Middle Order,65.11111111111111,-7.0,36.26666666666667
P157,James Neesham,New Zealand,10.0,11.0,0.0,1.0,1.0,90.9090909090909,6.0,60.0,7.0,Neesham,NEW ZEALAND,1.0,27.0,24.0,1.0,4.0,6.75,James Neesham,New Zealand,ar,fast-medium,All-Rounder,Finisher,44.272727272727266,-2.1,25.72363636363636
P158,Rachin Ravindra,New Zealand,17.0,25.0,0.0,0.0,3.0,68.0,0.0,0.0,3.0,Rachin Ravindra,NEW ZEALAND,2.0,9.0,18.0,1.0,3.0,3.0,Rachin Ravindra,New Zealand,ar,orthodox,All-Rounder,Anchor,28.9,-2.220446049250313e-16,17.34
P159,Mitchell Santner,New Zealand,25.0,20.0,0.0,3.0,2.0,125.0,18.0,72.0,8.0,Santner,NEW ZEALAND,4.0,76.0,82.0,4.0,13.666666666666666,5.560975609756098,Mitchell Santner,New Zealand,ar,orthodox,All-Rounder,Finisher,64.4,0.1756097560975607,38.710243902439025
P160,Devon Conway,New Zealand,70.0,65.0,7.0,3.0,4.0,107.6923076923077,46.0,65.71428571428571,1.75,,,,,,,,,Devon Conway,New Zealand,wk,medium,Batsman,Opener,80.45054945054945,,
P161,Trent Boult,New Zealand,10.0,11.0,0.0,1.0,2.0,90.9090909090909,6.0,60.0,10.5,Boult,NEW ZEALAND,9.0,59.0,96.0,4.0,16.0,3.6875,Trent Boult,New Zealand,bowl,fast-medium,Pacer,Not a Batter,44.272727272727266,3.9249999999999994,28.13363636363636
P162,Lockie Ferguson,New Zealand,2.0,5.0,0.0,0.0,2.0,40.0,0.0,0.0,10.5,Lockie Ferguson,NEW ZEALAND,7.0,64.0,96.0,4.0,16.0,4.0,Lockie Ferguson,New Zealand,bowl,fast,Pacer,Not a Batter,13.0,2.6,8.84
P163,Matt Henry,New Zealand,12.0,17.0,0.0,1.0,1.0,70.58823529411765,6.0,50.0,9.0,Matt Henry,NEW ZEALAND,2.0,37.0,24.0,1.0,4.0,9.25,Matt Henry,New Zealand,bowl,fast-medium,Pacer,Not a Batter,37.17647058823529,-2.5,21.305882352941172
P164,,,,,,,,,,,,Ish Sodhi,NEW ZEALAND,2.0,29.0,22.0,1.0,3.6666666666666665,7.909090909090909,Ish Sodhi,New Zealand,bowl,legbreak,Spinner,Not a Batter,,-1.963636363636364,
P165,Tim Southee,New Zealand,0.0,1.0,0.0,0.0,1.0,0.0,0.0,,9.0,Southee,NEW ZEALAND,7.0,36.0,72.0,3.0,12.0,3.0,Tim Southee,New Zealand,bowl,fast-medium,Pacer,Not a Batter,,3.0,
P166,Ibrahim Zadran,Afghanistan,231.0,215.0,25.0,4.0,8.0,107.44186046511628,124.0,53.67965367965368,2.125,,,,,,,,,Ibrahim Zadran,Afghanistan,bat,fast-medium,Batsman,Opener,158.46848887546562,,
P167,Najibullah,Afghanistan,22.0,23.0,0.0,2.0,4.0,95.65217391304348,12.0,54.54545454545454,5.5,,,,,,,,,Najibullah Zadran,Afghanistan,bat,offbreak,Batsman,Middle Order,50.60474308300395,,
P168,Hazratullah Zazai,Afghanistan,2.0,4.0,0.0,0.0,1.0,50.0,0.0,0.0,2.0,,,,,,,,,Hazratullah Zazai,Afghanistan,bat,orthodox,Batsman,Opener,16.0,,
P169,Gulbadin,Afghanistan,90.0,86.0,9.0,3.0,8.0,104.65116279069768,54.0,60.0,4.5,Gulbadin,AFGHANISTAN,7.0,47.0,54.0,4.0,9.0,5.222222222222222,Gulbadin Naib,Afghanistan,ar,fast-medium,All-Rounder,Middle Order,88.3953488372093,2.111111111111111,53.88165374677002
P17,Balbirnie,Ireland,22.0,32.0,2.0,0.0,3.0,68.75,8.0,36.36363636363637,1.0,,,,,,,,,Andrew Balbirnie,Ireland,bat,offbreak,Batsman,Opener,38.89772727272727,,
P170,Azmatullah,Afghanistan,111.0,102.0,7.0,4.0,8.0,108.8235294117647,52.0,46.846846846846844,4.0,Azmatullah Omarzai,AFGHANISTAN,2.0,104.0,67.0,6.0,11.166666666666666,9.313432835820896,Azmatullah Omarzai,Afghanistan,ar,fast-medium,All-Rounder,Middle Order,97.51642819289877,-2.5253731343283583,57.49970766200792
P171,Nabi,Afghanistan,56.0,70.0,3.0,1.0,8.0,80.0,18.0,32.142857142857146,5.25,Mohammad Nabi,AFGHANISTAN,3.0,88.0,78.0,7.0,13.0,6.769230769230769,Mohammad Nabi,Afghanistan,ar,offbreak,All-Rounder,Middle Order,58.42857142857143,-0.907692307692308,34.69406593406593
P172,Rashid Khan (c),Afghanistan,57.0,46.0,5.0,4.0,7.0,123.91304347826086,44.0,77.19298245614034,6.857142857142857,Rashid Khan (c),AFGHANISTAN,14.0,179.0,174.0,8.0,29.0,6.172413793103448,Rashid Khan,Afghanistan,ar,legbreak,All-Rounder,Finisher,81.11250953470632,5.931034482758621,51.03991951392724
P173,Karim Janat,Afghanistan,43.0,38.0,2.0,2.0,5.0,113.1578947368421,20.0,46.51162790697674,6.0,Karim Janat,AFGHANISTAN,0.0,10.0,12.0,1.0,2.0,5.0,Karim Janat,Afghanistan,ar,fast-medium,All-Rounder,Finisher,64.74969400244798,-2.0,38.04981640146879
P174,Nangeyalia Kharote,Afghanistan,3.0,8.0,0.0,0.0,2.0,37.5,0.0,0.0,7.0,Nangeyalia Kharote,AFGHANISTAN,0.0,13.0,6.0,1.0,1.0,13.0,Nangeyalia Kharote,Afghanistan,ar,orthodox,All-Rounder,Finisher,12.75,-5.2,5.569999999999999
P175,Gurbaz,Afghanistan,281.0,226.0,18.0,16.0,8.0,124.33628318584071,168.0,59.7864768683274,1.0,,,,,,,,,Rahmanullah Gurbaz WK-,Afghanistan,wk,unknown,Batsman,Opener,189.7581803294177,,
P177,,,,,,,,,,,,Mujeeb Ur Rahman,AFGHANISTAN,1.0,16.0,18.0,1.0,3.0,5.333333333333333,Mujeeb Ur Rahman,Afghanistan,bowl,offbreak,Spinner,Not a Batter,,-1.5333333333333332,
P178,Noor Ahmad,Afghanistan,14.0,24.0,1.0,1.0,3.0,58.333333333333336,10.0,71.42857142857143,9.0,Noor Ahmad,AFGHANISTAN,1.0,98.0,102.0,6.0,17.0,5.764705882352941,Noor Ahmad,Afghanistan,bowl,unknown,Pacer,Not a Batter,38.785714285714285,-1.7058823529411766,22.589075630252097
P179,Naveen-ul-Haq,Afghanistan,6.0,15.0,1.0,0.0,3.0,40.0,4.0,66.66666666666666,10.0,Naveen-ul-Haq,AFGHANISTAN,13.0,160.0,160.0,8.0,26.666666666666668,6.0,Naveen-ul-Haq,Afghanistan,bowl,fast-medium,Pacer,Not a Batter,28.333333333333332,5.3999999999999995,19.16
P18,Harry Tector,Ireland,11.0,27.0,0.0,0.0,3.0,40.74074074074074,0.0,0.0,4.0,,,,,,,,,Harry Tector,Ireland,bat,offbreak,Batsman,Middle Order,17.72222222222222,,
P180,Fazalhaq Farooqi,Afghanistan,6.0,5.0,1.0,0.0,3.0,120.0,4.0,66.66666666666666,11.0,Fazalhaq Farooqi,AFGHANISTAN,17.0,160.0,152.0,8.0,25.333333333333332,6.315789473684211,Fazalhaq Farooqi,Afghanistan,bowl,fast-medium,Pacer,Not a Batter,52.33333333333333,7.673684210526314,34.46947368421052
P182,Kushal Bhurtel,Nepal,24.0,39.0,3.0,1.0,3.0,61.53846153846154,18.0,75.0,1.0,Kushal Bhurtel,NEPAL,4.0,41.0,48.0,2.0,8.0,5.125,Kushal Bhurtel,Nepal,bat,legbreak,Batsman,Opener,45.46153846153846,0.34999999999999964,27.416923076923077
P183,Sundeep Jora,Nepal,1.0,8.0,0.0,0.0,1.0,12.5,0.0,0.0,5.0,,,,,,,,,Sundeep Jora,Nepal,bat,unknown,Batsman,Middle Order,4.25,,
P184,Rohit Paudel (c),Nepal,36.0,45.0,5.0,0.0,3.0,80.0,20.0,55.55555555555556,3.6666666666666665,Rohit Paudel (c),NEPAL,2.0,20.0,24.0,1.0,4.0,5.0,Rohit Paudel,Nepal,ar,offbreak,All-Rounder,Middle Order,53.111111111111114,-0.8,31.546666666666667
P185,Dipendra Singh,Nepal,32.0,48.0,2.0,1.0,3.0,66.66666666666666,14.0,43.75,6.0,Dipendra Singh Airee,NEPAL,6.0,49.0,57.0,3.0,9.5,5.157894736842105,Dipendra Singh Airee,Nepal,ar,offbreak,All-Rounder,Finisher,44.75,1.5368421052631573,27.46473684210526
P186,Anil Sah,Nepal,38.0,38.0,5.0,1.0,3.0,100.0,26.0,68.42105263157895,3.3333333333333335,,,,,,,,,Anil Sah,Nepal,ar,offbreak,All-Rounder,Anchor,62.68421052631579,,
P187,Kushal Malla,Nepal,37.0,52.0,2.0,1.0,3.0,71.15384615384616,14.0,37.83783783783784,5.666666666666667,Kushal Malla,NEPAL,0.0,17.0,12.0,1.0,2.0,8.5,Kushal Malla,Nepal,ar,orthodox,All-Rounder,Finisher,47.41372141372142,-3.4000000000000004,27.088232848232852
P188,Karan KC,Nepal,17.0,12.0,0.0,2.0,1.0,141.66666666666669,12.0,70.58823529411765,9.0,Karan KC,NEPAL,0.0,26.0,24.0,2.0,4.0,6.5,Karan KC,Nepal,ar,medium,All-Rounder,Finisher,65.11764705882354,-2.6,38.03058823529412
P189,Sompal Kami,Nepal,8.0,11.0,0.0,1.0,3.0,72.72727272727273,6.0,75.0,8.0,Sompal Kami,NEPAL,3.0,34.0,54.0,3.0,9.0,3.7777777777777777,Sompal Kami,Nepal,ar,fast-medium,All-Rounder,Finisher,40.81818181818182,0.28888888888888875,24.606464646464648
P19,Stirling (c),Ireland,12.0,25.0,1.0,0.0,3.0,48.0,4.0,33.33333333333333,2.0,,,,,,,,,Paul Stirling,Ireland,ar,offbreak,All-Rounder,Opener,27.066666666666663,,
P192,Aasif Sheikh,Nepal,63.0,71.0,9.0,1.0,3.0,88.73239436619718,42.0,66.66666666666666,2.0,,,,,,,,,Aasif Sheikh WK-,Nepal,wk,medium,Batsman,Opener,71.45305164319248,,
P194,Gulsan Jha,Nepal,20.0,25.0,1.0,1.0,3.0,80.0,10.0,50.0,7.666666666666667,Gulsan Jha,NEPAL,0.0,17.0,12.0,1.0,2.0,8.5,Gulsan Jha,Nepal,bowl,medium,Pacer,Not a Batter,44.0,-3.4000000000000004,25.04
P195,Abinash Bohara,Nepal,0.0,2.0,0.0,0.0,2.0,0.0,0.0,,11.0,Abinash Bohara,NEPAL,1.0,58.0,46.0,3.0,7.666666666666667,7.565217391304348,Abinash Bohara,Nepal,bowl,medium,Pacer,Not a Batter,,-2.4260869565217393,
P196,Sagar Dhakal,Nepal,0.0,1.0,0.0,0.0,1.0,0.0,0.0,,10.0,Sagar Dhakal,NEPAL,0.0,21.0,24.0,1.0,4.0,5.25,Sagar Dhakal,Nepal,bowl,orthodox,Spinner,Not a Batter,,-2.1,
P197,Sandeep Lamichhane,Nepal,0.0,0.0,0.0,0.0,1.0,,0.0,,10.0,Lamichhane,NEPAL,2.0,35.0,48.0,2.0,8.0,4.375,Sandeep Lamichhane,Nepal,bowl,legbreak,Spinner,Not a Batter,,-0.55,
P198,Rovman Powell (c),West Indies,102.0,71.0,4.0,8.0,6.0,143.66197183098592,64.0,62.745098039215684,4.666666666666667,,,,,,,,,Rovman Powell,West Indies,bat,fast-medium,Batsman,Middle Order,106.64761115713891,,
P20,Delany,Ireland,60.0,40.0,3.0,5.0,3.0,150.0,42.0,70.0,7.0,Delany,IRELAND,1.0,29.0,23.0,2.0,3.8333333333333335,7.565217391304348,Gareth Delany,Ireland,ar,legbreak,All-Rounder,Finisher,89.0,-2.4260869565217393,52.4295652173913
P200,Brandon King,West Indies,86.0,68.0,13.0,2.0,5.0,126.47058823529412,64.0,74.4186046511628,1.0,,,,,,,,,Brandon King,West Indies,bat,unknown,Batsman,Opener,95.82489740082079,,
P201,Sherfane Rutherford,West Indies,121.0,82.0,5.0,9.0,6.0,147.5609756097561,74.0,61.15702479338842,6.0,,,,,,,,,Sherfane Rutherford,West Indies,ar,fast-medium,All-Rounder,Finisher,116.99969764160451,,
P202,K Mayers,West Indies,35.0,34.0,3.0,2.0,1.0,102.94117647058823,24.0,68.57142857142857,1.0,,,,,,,,,Kyle Mayers,West Indies,ar,medium,All-Rounder,Opener,62.09663865546218,,
P203,Roston Chase,West Indies,94.0,72.0,7.0,4.0,3.0,130.55555555555557,52.0,55.319148936170215,4.0,Roston Chase,WEST INDIES,7.0,80.0,90.0,5.0,15.0,5.333333333333333,Roston Chase,West Indies,ar,offbreak,All-Rounder,Middle Order,97.23049645390071,2.066666666666667,59.164964539007094
P204,Andre Russell,West Indies,78.0,47.0,8.0,4.0,6.0,165.95744680851064,56.0,71.7948717948718,6.5,Russell,WEST INDIES,11.0,141.0,121.0,7.0,20.166666666666668,6.991735537190082,Andre Russell,West Indies,ar,fast,All-Rounder,Finisher,103.14620840152756,3.8033057851239667,63.40904735496612
P205,Romario Shepherd,West Indies,23.0,25.0,1.0,1.0,3.0,92.0,10.0,43.47826086956522,7.666666666666667,Romario Shepherd,WEST INDIES,2.0,109.0,60.0,4.0,10.0,10.9,Romario Shepherd,West Indies,ar,fast-medium,All-Rounder,Finisher,47.79565217391304,-3.16,27.413391304347826
P206,Motie,West Indies,4.0,8.0,1.0,0.0,2.0,50.0,4.0,100.0,10.5,Motie,WEST INDIES,8.0,149.0,126.0,7.0,21.0,7.095238095238095,Gudakesh Motie,West Indies,ar,orthodox,All-Rounder,Finisher,37.0,1.9619047619047616,22.984761904761903
P207,Johnson Charles,West Indies,140.0,123.0,18.0,3.0,6.0,113.8211382113821,90.0,64.28571428571429,2.0,,,,,,,,,Johnson Charles WK-,West Indies,wk,unknown,Batsman,Opener,117.00348432055749,,
P208,Nicholas Pooran,West Indies,228.0,156.0,15.0,17.0,7.0,146.15384615384613,162.0,71.05263157894737,3.0,,,,,,,,,Nicholas Pooran WK-,West Indies,wk,offbreak,Batsman,Anchor,172.05668016194332,,
P209,Shai Hope,West Indies,107.0,57.0,4.0,10.0,3.0,187.71929824561403,76.0,71.02803738317756,2.3333333333333335,,,,,,,,,Shai Hope WK-,West Indies,wk,unknown,Batsman,Opener,124.02139695031971,,
P21,Curtis Campher,Ireland,23.0,29.0,2.0,1.0,3.0,79.3103448275862,14.0,60.86956521739131,5.0,Curtis Campher,IRELAND,2.0,39.0,42.0,3.0,7.0,5.571428571428571,Curtis Campher,Ireland,ar,medium,All-Rounder,Middle Order,47.46701649175412,-1.0285714285714287,28.0687813236239
P210,Alzarri Joseph,West Indies,17.0,13.0,1.0,1.0,2.0,130.76923076923077,10.0,58.82352941176471,9.5,Alzarri Joseph,WEST INDIES,13.0,177.0,147.0,7.0,24.5,7.224489795918367,Alzarri Joseph,West Indies,bowl,fast,Pacer,Not a Batter,59.495475113122176,4.910204081632653,37.661366700526365
P212,Akeal Hosein,West Indies,21.0,28.0,1.0,1.0,2.0,75.0,10.0,47.61904761904761,7.5,Akeal Hosein,WEST INDIES,9.0,141.0,150.0,7.0,25.0,5.64,Akeal Hosein,West Indies,bowl,orthodox,Spinner,Not a Batter,42.523809523809526,3.1439999999999997,26.771885714285716
P213,,,,,,,,,,,,Obed McCoy,WEST INDIES,3.0,49.0,37.0,3.0,6.166666666666667,7.945945945945946,Obed McCoy,West Indies,bowl,fast-medium,Pacer,Not a Batter,,-1.3783783783783785,
P214,Robinson Obuya,Uganda,21.0,36.0,1.0,1.0,4.0,58.333333333333336,10.0,47.61904761904761,4.0,,,,,,,,,Robinson Obuya,Uganda,bat,unknown,Batsman,Middle Order,37.523809523809526,,
P215,Ronak Patel,Uganda,6.0,22.0,1.0,0.0,2.0,27.27272727272727,4.0,66.66666666666666,1.0,,,,,,,,,Ronak Patel,Uganda,bat,orthodox,Batsman,Opener,24.515151515151512,,
P216,Simon Ssesazi,Uganda,9.0,11.0,2.0,0.0,4.0,81.81818181818183,8.0,88.88888888888889,2.0,,,,,,,,,Simon Ssesazi,Uganda,bat,medium,Batsman,Opener,46.823232323232325,,
P217,Dinesh Nakrani,Uganda,10.0,26.0,1.0,0.0,4.0,38.46153846153847,4.0,40.0,6.25,Dinesh Nakrani,UGANDA,1.0,57.0,36.0,2.0,6.0,9.5,Dinesh Nakrani,Uganda,ar,medium,All-Rounder,Finisher,24.53846153846154,-3.2,13.443076923076923
P218,Kenneth Waiswa,Uganda,19.0,44.0,2.0,0.0,3.0,43.18181818181818,8.0,42.10526315789473,6.0,,,,,,,,,Kenneth Waiswa,Uganda,ar,medium,All-Rounder,Finisher,30.8755980861244,,
P219,Riazat Ali Shah,Uganda,49.0,111.0,1.0,0.0,4.0,44.14414414414414,4.0,8.16326530612245,5.0,Riazat Ali Shah,UGANDA,1.0,21.0,12.0,2.0,2.0,10.5,Riazat Ali Shah,Uganda,ar,medium,All-Rounder,Middle Order,39.37589630446773,-3.6,22.185537782680637
P22,Dockrell,Ireland,44.0,38.0,4.0,1.0,3.0,115.78947368421053,22.0,50.0,6.0,,,,,,,,,George Dockrell,Ireland,ar,orthodox,All-Rounder,Finisher,66.73684210526315,,
P220,Alpesh Ramjani,Uganda,13.0,24.0,2.0,0.0,4.0,54.166666666666664,8.0,61.53846153846154,4.75,Alpesh Ramjani,UGANDA,4.0,66.0,66.0,3.0,11.0,6.0,Alpesh Ramjani,Uganda,ar,orthodox,All-Rounder,Middle Order,35.05769230769231,-4.440892098500626e-16,21.034615384615382
P221,Achelam,Uganda,9.0,13.0,1.0,0.0,1.0,69.23076923076923,4.0,44.44444444444444,9.0,,,,,,,,,Fred Achelam WK-,Uganda,wk,unknown,Batsman,Finisher,34.15811965811966,,
P222,Roger Mukasa,Uganda,0.0,6.0,0.0,0.0,3.0,0.0,0.0,,1.6666666666666667,,,,,,,,,Roger Mukasa WK-,Uganda,wk,offbreak,Batsman,Opener,,,
P223,Brian Masaba (c),Uganda,4.0,26.0,0.0,0.0,4.0,15.384615384615385,0.0,0.0,8.25,Masaba (c),UGANDA,5.0,69.0,72.0,3.0,12.0,5.75,Brian Masaba,Uganda,bowl,legbreak,Spinner,Not a Batter,6.615384615384615,0.6999999999999997,4.249230769230769
P224,Bilal Hassan,Uganda,8.0,16.0,1.0,0.0,1.0,50.0,4.0,50.0,9.0,Bilal Hassan,UGANDA,0.0,34.0,12.0,1.0,2.0,17.0,Bilal Hassan,Uganda,bowl,fast-medium,Pacer,Not a Batter,29.0,-6.800000000000001,14.679999999999998
P225,Cosmas Kyewuta,Uganda,4.0,14.0,0.0,0.0,3.0,28.57142857142857,0.0,0.0,10.333333333333334,Cosmas Kyewuta,UGANDA,5.0,97.0,79.0,4.0,13.166666666666666,7.367088607594937,Cosmas Kyewuta,Uganda,bowl,medium,Pacer,Not a Batter,10.571428571428571,0.053164556962025156,6.364122965641952
P226,Juma Miyagi,Uganda,26.0,37.0,0.0,0.0,3.0,70.27027027027027,0.0,0.0,8.666666666666666,Juma Miyagi,UGANDA,2.0,55.0,56.0,3.0,9.333333333333334,5.892857142857142,Juma Miyagi,Uganda,bowl,medium,Pacer,Not a Batter,34.08108108108108,-1.1571428571428573,19.985791505791504
P227,Frank Nsubuga,Uganda,0.0,3.0,0.0,0.0,1.0,0.0,0.0,,11.0,Nsubuga,UGANDA,2.0,33.0,42.0,2.0,7.0,4.714285714285714,Frank Nsubuga,Uganda,bowl,offbreak,Spinner,Not a Batter,,-0.6857142857142859,
P228,Henry Ssenyondo,Uganda,0.0,1.0,0.0,0.0,1.0,0.0,0.0,,11.0,Ssenyondo,UGANDA,0.0,19.0,12.0,1.0,2.0,9.5,Henry Ssenyondo,Uganda,bowl,orthodox,Spinner,Not a Batter,,-3.8000000000000003,
P229,Hiri Hiri,Papua New Guinea,25.0,39.0,3.0,0.0,4.0,64.1025641025641,12.0,48.0,5.0,,,,,,,,,Hiri Hiri,Papua New Guinea,bat,offbreak,Batsman,Middle Order,41.330769230769235,,
P231,Lega Siaka,Papua New Guinea,13.0,20.0,1.0,0.0,3.0,65.0,4.0,30.76923076923077,3.3333333333333335,,,,,,,,,Lega Siaka,Papua New Guinea,bat,fast-medium,Batsman,Anchor,32.15384615384615,,
P232,Assad Vala (c),Papua New Guinea,30.0,42.0,3.0,1.0,4.0,71.42857142857143,18.0,60.0,1.75,Assad Vala (c),PAPUA NEW GUINEA,3.0,42.0,42.0,3.0,7.0,6.0,Assad Vala,Papua New Guinea,ar,offbreak,All-Rounder,Opener,48.42857142857143,-0.6000000000000005,28.817142857142855
P233,Charles Amini,Papua New Guinea,34.0,53.0,2.0,0.0,3.0,64.15094339622641,8.0,23.52941176470588,5.0,Charles Amini,PAPUA NEW GUINEA,0.0,21.0,20.0,3.0,3.3333333333333335,6.3,Charles Amini,Papua New Guinea,ar,legbreak,All-Rounder,Middle Order,40.9511653718091,-2.52,23.56269922308546
P234,Sese Bau,Papua New Guinea,67.0,80.0,8.0,1.0,4.0,83.75,38.0,56.71641791044776,3.75,Sese Bau,PAPUA NEW GUINEA,0.0,18.0,6.0,1.0,1.0,18.0,Sese Bau,Papua New Guinea,ar,offbreak,All-Rounder,Middle Order,69.96828358208955,-7.2,39.100970149253726
P236,Kiplin Doriga,Papua New Guinea,71.0,77.0,6.0,1.0,4.0,92.20779220779221,30.0,42.25352112676056,7.0,,,,,,,,,Kiplin Doriga WK-,Papua New Guinea,wk,unknown,Batsman,Finisher,71.61304188768977,,
P237,Tony Ura,Papua New Guinea,15.0,31.0,1.0,0.0,4.0,48.38709677419355,4.0,26.666666666666668,1.25,,,,,,,,,Tony Ura WK-,Papua New Guinea,wk,unknown,Batsman,Opener,27.3494623655914,,
P238,Alei Nao,Papua New Guinea,21.0,32.0,2.0,0.0,4.0,65.625,8.0,38.095238095238095,9.25,Alei Nao,PAPUA NEW GUINEA,4.0,73.0,78.0,4.0,13.0,5.615384615384615,Alei Nao,Papua New Guinea,bowl,medium,Pacer,Not a Batter,37.80654761904762,0.15384615384615374,22.74546703296703
P239,Chad Soper,Papua New Guinea,24.0,52.0,1.0,0.0,4.0,46.15384615384615,4.0,16.666666666666664,7.0,Chad Soper,PAPUA NEW GUINEA,2.0,65.0,61.0,4.0,10.166666666666666,6.39344262295082,Chad Soper,Papua New Guinea,bowl,medium,Pacer,Not a Batter,29.17948717948718,-1.357377049180328,16.964741488020174
P24,Lorcan Tucker,Ireland,22.0,30.0,2.0,0.0,3.0,73.33333333333333,8.0,36.36363636363637,3.0,,,,,,,,,Lorcan Tucker WK-,Ireland,wk,unknown,Batsman,Anchor,40.27272727272727,,
P240,John Kariko,Papua New Guinea,4.0,9.0,1.0,0.0,2.0,44.44444444444444,4.0,100.0,10.5,John Kariko,PAPUA NEW GUINEA,1.0,50.0,66.0,3.0,11.0,4.545454545454546,John Kariko,Papua New Guinea,bowl,unknown,Pacer,Not a Batter,35.33333333333333,-1.2181818181818183,20.712727272727268
P241,Kabua Morea,Papua New Guinea,2.0,5.0,0.0,0.0,2.0,40.0,0.0,0.0,10.0,Kabua Morea,PAPUA NEW GUINEA,2.0,34.0,32.0,2.0,5.333333333333333,6.375,Kabua Morea,Papua New Guinea,bowl,medium,Pacer,Not a Batter,13.0,-1.3500000000000003,7.26
P242,Norman Vanua,Papua New Guinea,19.0,30.0,1.0,1.0,3.0,63.33333333333333,10.0,52.63157894736842,8.333333333333334,Norman Vanua,PAPUA NEW GUINEA,3.0,43.0,48.0,3.0,8.0,5.375,Norman Vanua,Papua New Guinea,bowl,medium,Pacer,Not a Batter,39.026315789473685,-0.3500000000000001,23.27578947368421
P243,Semo Kamea,Papua New Guinea,3.0,4.0,0.0,0.0,2.0,75.0,0.0,0.0,11.0,Semo Kamea,PAPUA NEW GUINEA,2.0,39.0,36.0,2.0,6.0,6.5,Semo Kamea,Papua New Guinea,bowl,fast-medium,Pacer,Not a Batter,24.0,-1.4000000000000001,13.839999999999998
P244,Nikolaas Davin,Namibia,64.0,66.0,7.0,2.0,4.0,96.96969696969697,40.0,62.5,2.0,,,,,,,,,Nikolaas Davin,Namibia,bat,legbreak,Batsman,Opener,73.5909090909091,,
P245,Malan Kruger,Namibia,3.0,9.0,0.0,0.0,2.0,33.33333333333333,0.0,0.0,6.5,,,,,,,,,Malan Kruger,Namibia,bat,unknown,Batsman,Finisher,11.499999999999998,,
P246,Gerhard Erasmus (c),Namibia,102.0,93.0,10.0,3.0,4.0,109.6774193548387,58.0,56.86274509803921,4.0,Gerhard Erasmus (c),NAMIBIA,4.0,81.0,66.0,4.0,11.0,7.363636363636363,Gerhard Erasmus,Namibia,ar,legbreak,All-Rounder,Middle Order,95.27577482605946,-0.5454545454545454,56.947283077453854
P248,Jan Frylinck,Namibia,58.0,68.0,8.0,0.0,3.0,85.29411764705883,32.0,55.172413793103445,3.0,,,,,,,,,Jan Frylinck,Namibia,ar,fast-medium,All-Rounder,Anchor,65.62271805273835,,
P249,David Wiese,Namibia,51.0,40.0,2.0,4.0,4.0,127.49999999999999,32.0,62.745098039215684,5.75,Wiese,NAMIBIA,5.0,79.0,61.0,4.0,10.166666666666666,7.770491803278689,David Wiese,Namibia,ar,fast-medium,All-Rounder,Finisher,76.29901960784314,-0.10819672131147584,45.73613307618129
P25,Mark Adair,Ireland,52.0,45.0,5.0,1.0,3.0,115.55555555555554,26.0,50.0,8.0,Mark Adair,IRELAND,3.0,74.0,72.0,3.0,12.0,6.166666666666667,Mark Adair,Ireland,bowl,fast,Pacer,Not a Batter,70.66666666666666,-0.666666666666667,42.133333333333326
P250,Michael van Lingen,Namibia,43.0,41.0,3.0,3.0,3.0,104.8780487804878,30.0,69.76744186046511,1.0,,,,,,,,,Michael van Lingen,Namibia,ar,medium,All-Rounder,Opener,66.91690300623937,,
P251,JJ Smit,Namibia,22.0,30.0,1.0,1.0,4.0,73.33333333333333,10.0,45.45454545454545,6.0,,,,,,,,,JJ Smit,Namibia,ar,fast-medium,All-Rounder,Finisher,42.09090909090909,,
P252,Zane Green,Namibia,29.0,33.0,1.0,1.0,3.0,87.87878787878788,10.0,34.48275862068966,6.333333333333333,,,,,,,,,Zane Green WK-,Namibia,wk,unknown,Batsman,Finisher,47.760188087774296,,
P253,Kotze,Namibia,0.0,3.0,0.0,0.0,1.0,0.0,0.0,,1.0,,,,,,,,,JP Kotze WK-,Namibia,wk,unknown,Batsman,Opener,,,
P254,Trumpelmann,Namibia,8.0,9.0,0.0,1.0,2.0,88.88888888888889,6.0,75.0,8.0,Trumpelmann,NAMIBIA,7.0,107.0,72.0,4.0,12.0,8.916666666666666,Ruben Trumpelmann,Namibia,bowl,fast,Pacer,Not a Batter,45.666666666666664,0.6333333333333337,27.653333333333332
P255,Jack Brassell,Namibia,2.0,3.0,0.0,0.0,1.0,66.66666666666666,0.0,0.0,10.0,Jack Brassell,NAMIBIA,0.0,46.0,16.0,2.0,2.6666666666666665,17.25,Jack Brassell,Namibia,bowl,medium,Pacer,Not a Batter,20.999999999999996,-6.9,9.839999999999998
P256,Ben Shikongo,Namibia,0.0,4.0,0.0,0.0,1.0,0.0,0.0,,11.0,Ben Shikongo,NAMIBIA,0.0,19.0,6.0,1.0,1.0,19.0,Ben Shikongo,Namibia,bowl,fast-medium,Pacer,Not a Batter,,-7.6000000000000005,
P257,Tangeni Lungameni,Namibia,0.0,0.0,0.0,0.0,1.0,,0.0,,11.0,Tangeni Lungameni,NAMIBIA,1.0,57.0,42.0,2.0,7.0,8.142857142857142,Tangeni Lungameni,Namibia,bowl,medium,Pacer,Not a Batter,,-2.657142857142857,
P258,Bernard Scholtz,Namibia,6.0,6.0,0.0,0.0,2.0,100.0,0.0,0.0,9.5,Bernard Scholtz,NAMIBIA,3.0,64.0,60.0,3.0,10.0,6.4,Bernard Scholtz,Namibia,bowl,orthodox,Spinner,Not a Batter,33.0,-0.7600000000000007,19.496000000000002
P260,Max ODowd,Netherlands,79.0,78.0,7.0,2.0,4.0,101.28205128205127,40.0,50.63291139240506,2.0,,,,,,,,,Max ODowd,Netherlands,bat,offbreak,Batsman,Opener,80.0111976630964,,
P261,Teja Nidamanuru,Netherlands,0.0,1.0,0.0,0.0,1.0,0.0,0.0,,7.0,,,,,,,,,Teja Nidamanuru,Netherlands,bat,offbreak,Batsman,Finisher,,,
P262,Vikramjit Singh,Netherlands,67.0,71.0,5.0,3.0,4.0,94.36619718309859,38.0,56.71641791044776,3.0,Vikramjit Singh,NETHERLANDS,0.0,11.0,6.0,1.0,1.0,11.0,Vikramjit Singh,Netherlands,bat,medium,Batsman,Anchor,73.15314273701912,-4.4,42.13188564221147
P263,Sybrand Engelbrecht,Netherlands,98.0,92.0,6.0,3.0,4.0,106.5217391304348,42.0,42.857142857142854,4.0,,,,,,,,,Sybrand Engelbrecht,Netherlands,ar,offbreak,All-Rounder,Middle Order,89.527950310559,,
P264,Michael Levitt,Netherlands,50.0,45.0,4.0,4.0,4.0,111.11111111111111,40.0,80.0,1.0,,,,,,,,,Michael Levitt,Netherlands,ar,fast,All-Rounder,Opener,74.33333333333334,,
P265,Bas de Leede,Netherlands,20.0,33.0,1.0,0.0,4.0,60.60606060606061,4.0,20.0,5.75,Bas de Leede,NETHERLANDS,3.0,119.0,83.0,4.0,13.833333333333334,8.602409638554217,Bas de Leede,Netherlands,ar,fast-medium,All-Rounder,Finisher,32.18181818181819,-1.6409638554216874,18.652705366922238
P266,Tim Pringle,Netherlands,3.0,16.0,0.0,0.0,3.0,18.75,0.0,0.0,8.333333333333334,Tim Pringle,NETHERLANDS,5.0,101.0,78.0,4.0,13.0,7.769230769230769,Tim Pringle,Netherlands,ar,orthodox,All-Rounder,Finisher,7.125,-0.10769230769230775,4.231923076923076
P268,Scott Edwards (c & wk),Netherlands,71.0,64.0,5.0,2.0,4.0,110.9375,32.0,45.07042253521127,5.25,,,,,,,,,Scott Edwards,Netherlands,wk,unknown,Batsman,Middle Order,77.79533450704226,,
P27,Joshua Little,Ireland,36.0,31.0,4.0,1.0,2.0,116.12903225806453,22.0,61.111111111111114,10.0,Joshua Little,IRELAND,0.0,96.0,66.0,3.0,11.0,8.727272727272727,Joshua Little,Ireland,bowl,fast-medium,Pacer,Not a Batter,65.06093189964159,-3.4909090909090907,37.64019550342131
P270,van Beek,Netherlands,25.0,26.0,3.0,0.0,3.0,96.15384615384616,12.0,48.0,7.333333333333333,van Beek,NETHERLANDS,7.0,127.0,92.0,4.0,15.333333333333334,8.282608695652174,Logan van Beek,Netherlands,bowl,fast-medium,Pacer,Not a Batter,50.94615384615385,0.8869565217391306,30.922474916387962
P271,Aryan Dutt,Netherlands,25.0,20.0,2.0,1.0,2.0,125.0,14.0,56.00000000000001,9.0,Aryan Dutt,NETHERLANDS,3.0,40.0,42.0,2.0,7.0,5.714285714285714,Aryan Dutt,Netherlands,bowl,offbreak,Spinner,Not a Batter,61.2,-0.4857142857142862,36.52571428571429
P272,van Meekeren,Netherlands,4.0,9.0,0.0,0.0,2.0,44.44444444444444,0.0,0.0,10.0,van Meekeren,NETHERLANDS,5.0,84.0,90.0,4.0,15.0,5.6,Paul van Meekeren,Netherlands,bowl,fast-medium,Pacer,Not a Batter,15.333333333333332,0.7600000000000002,9.504
P273,Vivian Kingma,Netherlands,1.0,1.0,0.0,0.0,1.0,100.0,0.0,0.0,11.0,Kingma,NETHERLANDS,3.0,78.0,78.0,4.0,13.0,6.0,Vivian Kingma,Netherlands,bowl,medium,Pacer,Not a Batter,30.5,-0.6000000000000005,18.060000000000002
P275,Najmul Hossain Shanto (c),Bangladesh,112.0,117.0,7.0,5.0,7.0,95.72649572649573,58.0,51.78571428571429,2.857142857142857,,,,,,,,,Najmul Hossain Shanto,Bangladesh,bat,offbreak,Batsman,Anchor,95.07509157509158,,
P276,Soumya Sarkar,Bangladesh,10.0,12.0,1.0,0.0,2.0,83.33333333333334,4.0,40.0,3.5,,,,,,,,,Soumya Sarkar,Bangladesh,bat,medium,Batsman,Anchor,38.0,,
P277,Tanzid Hasan,Bangladesh,76.0,79.0,11.0,1.0,7.0,96.20253164556962,50.0,65.78947368421053,1.2857142857142858,,,,,,,,,Tanzid Hasan Tamim,Bangladesh,bat,unknown,Batsman,Opener,80.018654230513,,
P278,Towhid Hridoy,Bangladesh,153.0,119.0,9.0,8.0,7.0,128.57142857142858,84.0,54.90196078431373,5.0,,,,,,,,,Towhid Hridoy,Bangladesh,bat,offbreak,Batsman,Middle Order,126.05182072829133,,
P279,Shakib Al Hasan,Bangladesh,111.0,104.0,12.0,1.0,7.0,106.73076923076923,54.0,48.64864864864865,4.714285714285714,Shakib,BANGLADESH,3.0,130.0,104.0,6.0,17.333333333333332,7.500000000000001,Shakib Al Hasan,Bangladesh,ar,orthodox,All-Rounder,Middle Order,97.2489604989605,-1.2000000000000006,57.8693762993763
P28,Barry McCarthy,Ireland,4.0,16.0,0.0,0.0,3.0,25.0,0.0,0.0,9.0,Barry McCarthy,IRELAND,5.0,57.0,62.0,3.0,10.333333333333334,5.516129032258064,Barry McCarthy,Ireland,bowl,fast-medium,Pacer,Not a Batter,9.5,0.7935483870967741,6.01741935483871
P280,Mahmudullah,Bangladesh,95.0,101.0,8.0,3.0,7.0,94.05940594059405,50.0,52.63157894736842,6.428571428571429,Mahmudullah,BANGLADESH,1.0,50.0,54.0,5.0,9.0,5.555555555555555,Mahmudullah,Bangladesh,ar,offbreak,All-Rounder,Finisher,86.2441375716519,-1.6222222222222222,51.09759365410225
P281,Mahedi Hasan,Bangladesh,5.0,5.0,1.0,0.0,2.0,100.0,4.0,80.0,8.5,Mahedi Hasan,BANGLADESH,0.0,50.0,48.0,2.0,8.0,6.25,Mahedi Hasan,Bangladesh,ar,offbreak,All-Rounder,Finisher,48.5,-2.5,28.099999999999998
P282,Litton Das,Bangladesh,139.0,149.0,12.0,3.0,7.0,93.28859060402685,66.0,47.482014388489205,2.142857142857143,,,,,,,,,Litton Das WK-,Bangladesh,wk,unknown,Batsman,Opener,106.9829800589059,,
P283,Jaker Ali,Bangladesh,35.0,46.0,3.0,0.0,4.0,76.08695652173914,12.0,34.285714285714285,7.0,,,,,,,,,Jaker Ali WK-,Bangladesh,wk,unknown,Batsman,Finisher,47.183229813664596,,
P284,Taskin Ahmed,Bangladesh,28.0,33.0,3.0,0.0,5.0,84.84848484848484,12.0,42.857142857142854,9.4,Taskin Ahmed,BANGLADESH,8.0,137.0,128.0,6.0,21.333333333333332,6.421875,Taskin Ahmed,Bangladesh,bowl,fast,Pacer,Not a Batter,48.02597402597402,2.2312499999999997,29.70808441558441
P286,Rishad Hossain,Bangladesh,40.0,26.0,2.0,4.0,6.0,153.84615384615387,32.0,80.0,7.5,Rishad Hossain,BANGLADESH,14.0,194.0,150.0,7.0,25.0,7.76,Rishad Hossain,Bangladesh,bowl,legbreak,Spinner,Not a Batter,82.15384615384616,5.296,51.410707692307696
P287,Mustafizur,Bangladesh,3.0,5.0,0.0,0.0,2.0,60.0,0.0,0.0,11.0,Mustafizur,BANGLADESH,8.0,142.0,156.0,7.0,26.0,5.461538461538462,Mustafizur Rahman,Bangladesh,bowl,fast-medium,Pacer,Not a Batter,19.5,2.615384615384615,12.746153846153845
P289,Tanzim Hasan Sakib,Bangladesh,12.0,23.0,0.0,0.0,5.0,52.17391304347826,0.0,0.0,9.4,Tanzim Hasan Sakib,BANGLADESH,11.0,149.0,144.0,7.0,24.0,6.208333333333333,Tanzim Hasan Sakib,Bangladesh,bowl,fast-medium,Pacer,Not a Batter,21.652173913043477,4.116666666666666,14.637971014492752
P29,,,,,,,,,,,,Craig Young,IRELAND,2.0,32.0,24.0,1.0,4.0,8.0,Craig Young,Ireland,bowl,fast-medium,Pacer,Not a Batter,,-2.0,
P290,Babar Azam (c),Pakistan,122.0,120.0,8.0,3.0,4.0,101.66666666666666,50.0,40.98360655737705,2.5,,,,,,,,,Babar Azam,Pakistan,bat,offbreak,Batsman,Opener,99.69672131147541,,
P291,Fakhar Zaman,Pakistan,33.0,30.0,1.0,2.0,4.0,110.00000000000001,16.0,48.484848484848484,4.0,,,,,,,,,Fakhar Zaman,Pakistan,bat,orthodox,Batsman,Middle Order,59.196969696969695,,
P292,Iftikhar Ahmed,Pakistan,23.0,23.0,3.0,0.0,2.0,100.0,12.0,52.17391304347826,7.0,Iftikhar Ahmed,PAKISTAN,0.0,17.0,12.0,2.0,2.0,8.5,Iftikhar Ahmed,Pakistan,ar,offbreak,All-Rounder,Finisher,51.934782608695656,-3.4000000000000004,29.800869565217393
P293,Saim Ayub,Pakistan,23.0,29.0,2.0,1.0,2.0,79.3103448275862,14.0,60.86956521739131,2.0,,,,,,,,,Saim Ayub,Pakistan,ar,offbreak,All-Rounder,Opener,47.46701649175412,,
P294,Imad Wasim,Pakistan,19.0,29.0,2.0,0.0,2.0,65.51724137931035,8.0,42.10526315789473,6.0,Imad Wasim,PAKISTAN,3.0,44.0,66.0,3.0,11.0,4.0,Imad Wasim,Pakistan,ar,orthodox,All-Rounder,Finisher,37.57622504537205,0.19999999999999973,22.625735027223225
P295,Shadab Khan,Pakistan,44.0,34.0,1.0,3.0,3.0,129.41176470588235,22.0,50.0,5.666666666666667,Shadab Khan,PAKISTAN,0.0,38.0,24.0,2.0,4.0,9.5,Shadab Khan,Pakistan,ar,legbreak,All-Rounder,Finisher,70.8235294117647,-3.8000000000000003,40.97411764705881
P296,Azam Khan,Pakistan,0.0,1.0,0.0,0.0,1.0,0.0,0.0,,6.0,,,,,,,,,Azam Khan WK-,Pakistan,wk,unknown,Batsman,Finisher,,,
P297,Rizwan,Pakistan,110.0,121.0,6.0,3.0,4.0,90.9090909090909,42.0,38.18181818181819,1.0,,,,,,,,,Mohammad Rizwan WK-,Pakistan,wk,unknown,Batsman,Opener,89.9090909090909,,
P298,Usman Khan,Pakistan,20.0,22.0,1.0,0.0,4.0,90.9090909090909,4.0,20.0,4.0,,,,,,,,,Usman Khan WK-,Pakistan,wk,offbreak,Batsman,Middle Order,41.272727272727266,,
P3,Virat Kohli,India,151.0,134.0,8.0,7.0,8.0,112.68656716417911,74.0,49.00662251655629,2.0,,,,,,,,,Virat Kohli,India,bat,medium,Batsman,Opener,119.107294652565,,
P30,Benjamin White,Ireland,7.0,24.0,0.0,0.0,2.0,29.166666666666668,0.0,0.0,11.0,Benjamin White,IRELAND,2.0,17.0,18.0,2.0,3.0,5.666666666666667,Benjamin White,Ireland,bowl,legbreak,Spinner,Not a Batter,12.25,-1.066666666666667,6.923333333333333
P300,Haris Rauf,Pakistan,3.0,3.0,0.0,0.0,1.0,100.0,0.0,0.0,9.0,Haris Rauf,PAKISTAN,7.0,101.0,90.0,4.0,15.0,6.733333333333333,Haris Rauf,Pakistan,bowl,fast,Pacer,Not a Batter,31.5,1.5066666666666668,19.502666666666666
P301,Abbas Afridi,Pakistan,17.0,21.0,1.0,1.0,1.0,80.95238095238095,10.0,58.82352941176471,8.0,Abbas Afridi,PAKISTAN,0.0,31.0,18.0,1.0,3.0,10.333333333333334,Abbas Afridi,Pakistan,bowl,fast-medium,Pacer,Not a Batter,44.55042016806723,-4.133333333333334,25.076918767507003
P302,,,,,,,,,,,,Mohammad Amir,PAKISTAN,7.0,72.0,96.0,4.0,16.0,4.5,Mohammad Amir,Pakistan,bowl,fast-medium,Pacer,Not a Batter,,2.4000000000000004,
P303,Naseem Shah,Pakistan,10.0,4.0,2.0,0.0,1.0,250.0,8.0,80.0,9.0,Naseem Shah,PAKISTAN,5.0,71.0,72.0,3.0,12.0,5.916666666666667,Naseem Shah,Pakistan,bowl,fast,Pacer,Not a Batter,96.0,0.6333333333333333,57.853333333333325
P304,Shaheen Afridi,Pakistan,36.0,22.0,1.0,4.0,3.0,163.63636363636365,28.0,77.77777777777779,8.333333333333334,Shaheen Afridi,PAKISTAN,5.0,105.0,96.0,4.0,16.0,6.5625,Shaheen Afridi,Pakistan,bowl,fast-medium,Pacer,Not a Batter,82.64646464646465,0.375,49.737878787878785
P31,Harry Brook,England,145.0,92.0,16.0,2.0,4.0,157.6086956521739,76.0,52.41379310344828,5.0,,,,,,,,,Harry Brook,England,bat,medium,Batsman,Middle Order,130.26536731634184,,
P33,Moeen Ali,England,71.0,51.0,2.0,5.0,5.0,139.2156862745098,38.0,53.52112676056338,4.0,Moeen Ali,ENGLAND,3.0,73.0,54.0,4.0,9.0,8.11111111111111,Moeen Ali,England,ar,offbreak,All-Rounder,Middle Order,87.96893123446561,-1.4444444444444446,52.20358096290159
P34,Will Jacks,England,15.0,17.0,2.0,0.0,2.0,88.23529411764706,8.0,53.333333333333336,3.0,Will Jacks,ENGLAND,0.0,22.0,6.0,1.0,1.0,22.0,Will Jacks,England,ar,offbreak,All-Rounder,Anchor,44.63725490196079,-8.8,23.262352941176474
P35,Liam Livingstone,England,72.0,49.0,3.0,5.0,4.0,146.9387755102041,42.0,58.333333333333336,6.5,Livingstone,ENGLAND,3.0,83.0,66.0,4.0,11.0,7.545454545454546,Liam Livingstone,England,ar,legbreak,All-Rounder,Finisher,91.7482993197279,-1.2181818181818187,54.561706864564016
P36,Sam Curran,England,12.0,11.0,1.0,0.0,2.0,109.09090909090908,4.0,33.33333333333333,6.5,Sam Curran,ENGLAND,3.0,115.0,72.0,5.0,12.0,9.583333333333334,Sam Curran,England,ar,fast-medium,All-Rounder,Finisher,45.393939393939384,-2.033333333333334,26.4230303030303
P37,Jos Buttler (c & wk),England,214.0,135.0,22.0,10.0,7.0,158.51851851851853,148.0,69.1588785046729,2.0,,,,,,,,,Jos Buttler,England,wk,unknown,Batsman,Opener,168.3873312564901,,
P38,Jonny Bairstow,England,110.0,82.0,11.0,4.0,6.0,134.14634146341464,68.0,61.81818181818181,3.6666666666666665,,,,,,,,,Jonny Bairstow WK-,England,wk,medium,Batsman,Middle Order,107.60753880266076,,
P39,Philip Salt,England,188.0,118.0,16.0,10.0,7.0,159.32203389830508,124.0,65.95744680851064,1.0,,,,,,,,,Philip Salt WK-,England,wk,offbreak,Batsman,Opener,154.98809953119365,,
P4,Suryakumar Yadav,India,199.0,147.0,15.0,10.0,8.0,135.37414965986395,120.0,60.30150753768844,4.125,,,,,,,,,Suryakumar Yadav,India,bat,offbreak,Batsman,Middle Order,152.17254640549686,,
P40,Jofra Archer,England,22.0,17.0,1.0,2.0,2.0,129.41176470588235,16.0,72.72727272727273,8.5,Jofra Archer,ENGLAND,10.0,190.0,158.0,8.0,26.333333333333332,7.215189873417722,Jofra Archer,England,bowl,fast,Pacer,Not a Batter,64.36898395721926,3.113924050632911,39.86695999458472
P42,Chris Jordan,England,2.0,8.0,0.0,0.0,2.0,25.0,0.0,0.0,8.0,Chris Jordan,ENGLAND,10.0,134.0,83.0,5.0,13.833333333333334,9.686746987951807,Chris Jordan,England,bowl,fast-medium,Pacer,Not a Batter,8.5,2.125301204819277,5.95012048192771
P43,Adil Rashid,England,2.0,2.0,0.0,0.0,1.0,100.0,0.0,0.0,10.0,Adil Rashid,ENGLAND,10.0,186.0,168.0,8.0,28.0,6.642857142857143,Adil Rashid,England,bowl,legbreak,Spinner,Not a Batter,31.0,3.3428571428571425,19.937142857142856
P44,Reece Topley,England,3.0,3.0,0.0,0.0,1.0,100.0,0.0,0.0,11.0,R Topley,ENGLAND,2.0,121.0,108.0,6.0,18.0,6.722222222222222,Reece Topley,England,bowl,fast-medium,Pacer,Not a Batter,31.5,-1.4888888888888892,18.304444444444442
P45,,,,,,,,,,,,Mark Wood,ENGLAND,3.0,113.0,78.0,5.0,13.0,8.692307692307692,Mark Wood,England,bowl,fast,Pacer,Not a Batter,,-1.6769230769230772,
P46,Aaron Johnson,Canada,89.0,73.0,12.0,4.0,3.0,121.91780821917808,72.0,80.89887640449437,1.0,,,,,,,,,Aaron Johnson,Canada,bat,offbreak,Batsman,Opener,97.2551177466523,,
P47,Ravinderpal Singh,Canada,0.0,2.0,0.0,0.0,1.0,0.0,0.0,,6.0,,,,,,,,,Ravinderpal Singh,Canada,bat,offbreak,Batsman,Finisher,,,
P48,Nicholas Kirton,Canada,101.0,72.0,6.0,4.0,3.0,140.27777777777777,48.0,47.524752475247524,4.333333333333333,,,,,,,,,Nicholas Kirton,Canada,ar,unknown,All-Rounder,Middle Order,102.08828382838283,,
P49,Pargat Singh,Canada,25.0,27.0,2.0,0.0,3.0,92.5925925925926,8.0,32.0,3.0,Pargat Singh,CANADA,0.0,15.0,6.0,1.0,1.0,15.0,Pargat Singh,Canada,ar,offbreak,All-Rounder,Anchor,46.67777777777778,-6.0,25.606666666666662
P5,Hardik Pandya,India,144.0,95.0,11.0,9.0,6.0,151.57894736842107,98.0,68.05555555555556,6.166666666666667,Hardik Pandya,INDIA,11.0,191.0,150.0,8.0,25.0,7.64,Hardik Pandya,India,ar,fast-medium,All-Rounder,Finisher,131.08479532163744,3.5439999999999996,80.06847719298246
P50,,,,,,,,,,,,Junaid Siddiqui,CANADA,1.0,55.0,42.0,2.0,7.0,7.857142857142857,Junaid Siddiqui,Canada,ar,legbreak,All-Rounder,Finisher,,-2.5428571428571427,
P51,Navneet Dhaliwal,Canada,71.0,61.0,8.0,3.0,3.0,116.39344262295081,50.0,70.4225352112676,2.0,,,,,,,,,Navneet Dhaliwal,Canada,ar,fast-medium,All-Rounder,Opener,84.50253982913877,,
P53,Dilpreet Singh,Canada,18.0,14.0,2.0,1.0,2.0,128.57142857142858,14.0,77.77777777777779,5.0,,,,,,,,,Dilpreet Bajwa,Canada,ar,medium,All-Rounder,Middle Order,63.126984126984134,,
P54,Saad Bin Zafar (c),Canada,11.0,22.0,1.0,0.0,2.0,50.0,4.0,36.36363636363637,7.5,Saad Bin Zafar (c),CANADA,1.0,87.0,72.0,3.0,12.0,7.25,Saad Bin Zafar,Canada,ar,orthodox,All-Rounder,Finisher,27.772727272727273,-2.3000000000000003,15.743636363636364
P55,Shreyas Movva,Canada,71.0,61.0,5.0,2.0,3.0,116.39344262295081,32.0,45.07042253521127,5.333333333333333,,,,,,,,,Shreyas Movva WK-,Canada,wk,unknown,Batsman,Middle Order,79.4321172939275,,
P56,Dillon Heyliger,Canada,10.0,14.0,1.0,0.0,3.0,71.42857142857143,4.0,40.0,7.666666666666667,Dillon Heyliger,CANADA,5.0,55.0,66.0,3.0,11.0,5.0,Dilon Heyliger,Canada,bowl,medium,Pacer,Not a Batter,34.42857142857143,1.0,21.057142857142857
P57,,,,,,,,,,,,Jeremy Gordon,CANADA,3.0,77.0,63.0,3.0,10.5,7.333333333333333,Jeremy Gordon,Canada,bowl,fast-medium,Pacer,Not a Batter,,-1.1333333333333337,
P58,Kaleem Sana,Canada,13.0,14.0,0.0,1.0,1.0,92.85714285714286,6.0,46.15384615384615,8.0,Kaleem Sana,CANADA,1.0,93.0,66.0,3.0,11.0,8.454545454545455,Kaleem Sana,Canada,bowl,fast-medium,Pacer,Not a Batter,43.587912087912095,-2.781818181818182,25.040019980019984
P59,,,,,,,,,,,,Nikhil Dutta,CANADA,1.0,41.0,16.0,1.0,2.6666666666666665,15.375,Nikhil Dutta,Canada,bowl,offbreak,Spinner,Not a Batter,,-5.550000000000001,
P6,Shivam Dube,India,133.0,116.0,6.0,7.0,8.0,114.65517241379311,66.0,49.62406015037594,5.5,Shivam Dube,INDIA,0.0,11.0,6.0,1.0,1.0,11.0,Shivam Dube,India,ar,medium,All-Rounder,Middle Order,110.82136375421312,-4.4,64.73281825252786
P61,Aaron Jones,United States Of America,162.0,120.0,8.0,14.0,6.0,135.0,116.0,71.60493827160494,4.0,,,,,,,,,Aaron Jones,United States,bat,legbreak,Batsman,Middle Order,135.820987654321,,
P62,Nitish Kumar,United States Of America,99.0,86.0,6.0,4.0,5.0,115.11627906976744,48.0,48.484848484848484,3.8,,,,,,,,,Nitish Kumar,United States,bat,offbreak,Batsman,Middle Order,93.73185341789993,,
P63,Milind Kumar,United States Of America,23.0,27.0,1.0,0.0,2.0,85.18518518518519,4.0,17.391304347826086,6.0,Milind Kumar,UNITED STATES OF AMERICA,0.0,22.0,6.0,1.0,1.0,22.0,Milind Kumar,United States,ar,offbreak,All-Rounder,Finisher,40.533816425120776,-8.8,20.800289855072464
P64,Steven Taylor,United States Of America,74.0,82.0,7.0,3.0,6.0,90.2439024390244,46.0,62.16216216216216,1.1666666666666667,Steven Taylor,UNITED STATES OF AMERICA,0.0,36.0,18.0,2.0,3.0,12.0,Steven Taylor,United States,ar,offbreak,All-Rounder,Opener,76.50560316413976,-4.800000000000001,43.98336189848385
P65,Corey Anderson,United States Of America,66.0,72.0,1.0,3.0,5.0,91.66666666666666,22.0,33.33333333333333,5.2,CJ Anderson,UNITED STATES OF AMERICA,1.0,69.0,48.0,4.0,8.0,8.625,Corey Anderson,United States,ar,fast-medium,All-Rounder,Middle Order,67.16666666666667,-2.85,39.160000000000004
P66,Harmeet Singh,United States Of America,69.0,50.0,4.0,5.0,4.0,138.0,46.0,66.66666666666666,7.0,Harmeet Singh,UNITED STATES OF AMERICA,4.0,139.0,96.0,5.0,16.0,8.6875,Harmeet Singh,United States,ar,orthodox,All-Rounder,Finisher,89.23333333333333,-1.0750000000000002,53.11
P68,van Schalkwyk,United States Of America,29.0,27.0,4.0,0.0,3.0,107.40740740740742,16.0,55.172413793103445,8.0,van Schalkwyk,UNITED STATES OF AMERICA,0.0,103.0,64.0,4.0,10.666666666666666,9.65625,Shadley van Schalkwyk,United States,ar,fast-medium,All-Rounder,Finisher,57.75670498084291,-3.8625000000000003,33.10902298850574
P69,Monank Patel (c & wk),United States Of America,66.0,54.0,9.0,1.0,2.0,122.22222222222223,42.0,63.63636363636363,2.0,,,,,,,,,Monank Patel,United States,wk,unknown,Batsman,Opener,82.39393939393938,,
P7,Ravindra Jadeja,India,35.0,22.0,3.0,1.0,5.0,159.0909090909091,18.0,51.42857142857142,7.2,Ravindra Jadeja,INDIA,1.0,106.0,84.0,7.0,14.0,7.571428571428571,Ravindra Jadeja,India,ar,orthodox,All-Rounder,Finisher,75.512987012987,-2.4285714285714284,44.33636363636363
P70,Andries Gous,United States Of America,219.0,145.0,20.0,11.0,6.0,151.03448275862067,146.0,66.66666666666666,2.5,,,,,,,,,Andries Gous WK-,United States,wk,unknown,Batsman,Opener,168.14367816091954,,
P71,Shayan Jahangir,United States Of America,3.0,10.0,0.0,0.0,2.0,30.0,0.0,0.0,3.5,,,,,,,,,Shayan Jahangir WK-,United States,wk,medium,Batsman,Anchor,10.5,,
P72,Ali Khan,United States Of America,14.0,8.0,1.0,1.0,2.0,175.0,10.0,71.42857142857143,9.5,Ali Khan,UNITED STATES OF AMERICA,3.0,181.0,116.0,6.0,19.333333333333332,9.362068965517242,Ali Khan,United States,bowl,fast-medium,Pacer,Not a Batter,73.78571428571429,-1.9448275862068973,43.49349753694581
P73,Jasdeep Singh,United States Of America,4.0,13.0,0.0,0.0,2.0,30.76923076923077,0.0,0.0,8.5,Jasdeep Singh,UNITED STATES OF AMERICA,1.0,121.0,72.0,4.0,12.0,10.083333333333334,Jasdeep Singh,United States,bowl,medium,Pacer,Not a Batter,11.23076923076923,-3.433333333333334,5.365128205128204
P74,Nosthush Kenjige,United States Of America,1.0,4.0,0.0,0.0,2.0,25.0,0.0,0.0,9.5,Nosthush Kenjige,UNITED STATES OF AMERICA,3.0,89.0,60.0,4.0,10.0,8.9,Nosthush Kenjige,United States,bowl,orthodox,Spinner,Not a Batter,8.0,-1.7600000000000007,4.095999999999999
P75,Netravalkar,United States Of America,0.0,5.0,0.0,0.0,2.0,0.0,0.0,,11.0,Netravalkar,UNITED STATES OF AMERICA,6.0,125.0,113.0,6.0,18.833333333333332,6.6371681415929205,Saurabh Netravalkar,United States,bowl,fast-medium,Pacer,Not a Batter,,0.9451327433628314,
P76,Tim David,Australia,61.0,41.0,5.0,3.0,5.0,148.78048780487805,38.0,62.295081967213115,6.0,,,,,,,,,Tim David,Australia,bat,offbreak,Batsman,Finisher,87.59316273490603,,
P77,Head,Australia,255.0,161.0,26.0,15.0,7.0,158.38509316770185,194.0,76.07843137254902,1.5714285714285714,,,,,,,,,Travis Head,Australia,bat,offbreak,Batsman,Opener,190.23121422482038,,
P78,Warner,Australia,178.0,128.0,17.0,9.0,7.0,139.0625,122.0,68.53932584269663,1.4285714285714286,,,,,,,,,David Warner,Australia,bat,unknown,Batsman,Opener,144.4266151685393,,
P79,Mitchell Marsh (c),Australia,125.0,107.0,13.0,5.0,7.0,116.82242990654206,82.0,65.60000000000001,3.0,,,,,,,,,Mitchell Marsh,Australia,ar,fast-medium,All-Rounder,Anchor,110.66672897196261,,
P8,Axar,India,92.0,66.0,5.0,6.0,5.0,139.3939393939394,56.0,60.86956521739131,6.4,Axar,INDIA,9.0,173.0,132.0,8.0,22.0,7.863636363636363,Axar Patel,India,ar,orthodox,All-Rounder,Finisher,99.99209486166008,2.254545454545454,60.89707509881422
P81,Maxwell,Australia,132.0,93.0,12.0,7.0,6.0,141.93548387096774,90.0,68.18181818181817,4.0,Glenn Maxwell,AUSTRALIA,3.0,103.0,72.0,5.0,12.0,8.583333333333334,Glenn Maxwell,Australia,ar,offbreak,All-Rounder,Middle Order,122.21700879765396,-1.6333333333333337,72.67687194525904
P82,Stoinis,Australia,169.0,103.0,14.0,10.0,5.0,164.07766990291262,116.0,68.63905325443787,5.0,Marcus Stoinis,AUSTRALIA,10.0,151.0,102.0,6.0,17.0,8.882352941176471,Marcus Stoinis,Australia,ar,medium,All-Rounder,Middle Order,147.45111162176136,2.4470588235294115,89.44949050246858
P83,Ashton Agar,Australia,2.0,5.0,0.0,0.0,1.0,40.0,0.0,0.0,9.0,Agar,AUSTRALIA,1.0,56.0,48.0,2.0,8.0,7.0,Ashton Agar,Australia,ar,orthodox,All-Rounder,Finisher,13.0,-2.2,6.92
P85,Wade,Australia,27.0,24.0,3.0,0.0,4.0,112.5,12.0,44.44444444444444,7.0,,,,,,,,,Matthew Wade WK-,Australia,wk,unknown,Batsman,Finisher,56.138888888888886,,
P86,Cummins,Australia,14.0,17.0,0.0,1.0,3.0,82.35294117647058,6.0,42.857142857142854,8.0,Pat Cummins,AUSTRALIA,9.0,144.0,114.0,5.0,19.0,7.578947368421052,Pat Cummins,Australia,bowl,fast,Pacer,Not a Batter,40.27731092436974,2.3684210526315783,25.113754975674475
P87,,,,,,,,,,,,Nathan Ellis,AUSTRALIA,4.0,74.0,66.0,3.0,11.0,6.7272727272727275,Nathan Ellis,Australia,bowl,fast-medium,Pacer,Not a Batter,,-0.29090909090909145,
P88,Josh Hazlewood,Australia,5.0,7.0,0.0,0.0,1.0,71.42857142857143,0.0,0.0,11.0,Josh Hazlewood,AUSTRALIA,4.0,145.0,144.0,6.0,24.0,6.041666666666667,Josh Hazlewood,Australia,bowl,fast-medium,Pacer,Not a Batter,23.928571428571427,-0.01666666666666705,14.35047619047619
P89,Mitchell Starc,Australia,4.0,7.0,0.0,0.0,2.0,57.14285714285714,0.0,0.0,9.0,Mitchell Starc,AUSTRALIA,5.0,154.0,108.0,5.0,18.0,8.555555555555555,Mitchell Starc,Australia,bowl,fast,Pacer,Not a Batter,19.142857142857142,-0.4222222222222225,11.316825396825397
P9,Rishabh Pant,India,171.0,134.0,19.0,6.0,8.0,127.61194029850746,112.0,65.49707602339181,3.0,,,,,,,,,Rishabh Pant WK-,India,wk,unknown,Batsman,Anchor,136.8829972942306,,
P90,Adam Zampa,Australia,9.0,7.0,1.0,0.0,1.0,128.57142857142858,4.0,44.44444444444444,10.0,Adam Zampa,AUSTRALIA,13.0,187.0,168.0,7.0,28.0,6.678571428571429,Adam Zampa,Australia,bowl,legbreak,Spinner,Not a Batter,51.96031746031747,5.128571428571428,33.22761904761905
P91,Michael Jones,Scotland,89.0,66.0,8.0,5.0,4.0,134.84848484848484,62.0,69.66292134831461,2.0,,,,,,,,,Michael Jones,Scotland,bat,offbreak,Batsman,Opener,98.88712972420838,,
P92,George Munsey,Scotland,124.0,89.0,8.0,9.0,4.0,139.32584269662922,86.0,69.35483870967742,1.0,,,,,,,,,George Munsey,Scotland,bat,unknown,Batsman,Opener,117.66872055092426,,
P94,Richie Berrington (c),Scotland,102.0,73.0,4.0,5.0,3.0,139.72602739726028,46.0,45.09803921568628,4.0,,,,,,,,,Richie Berrington,Scotland,ar,fast-medium,All-Rounder,Middle Order,101.93741606231534,,
P95,Michael Leask,Scotland,40.0,25.0,0.0,4.0,2.0,160.0,24.0,60.0,6.0,Michael Leask,SCOTLAND,1.0,76.0,54.0,3.0,9.0,8.444444444444445,Michael Leask,Scotland,ar,offbreak,All-Rounder,Finisher,80.0,-2.777777777777778,46.888888888888886
P96,Brandon McMullen,Scotland,140.0,82.0,13.0,8.0,3.0,170.73170731707316,100.0,71.42857142857143,3.0,,,,,,,,,Brandon McMullen,Scotland,ar,medium,All-Rounder,Anchor,135.50522648083623,,
P98,Matthew Cross,Scotland,36.0,24.0,1.0,3.0,3.0,150.0,22.0,61.111111111111114,5.0,,,,,,,,,Matthew Cross WK-,Scotland,wk,unknown,Batsman,Middle Order,75.22222222222223,,
