match_name,team,player_name,overs,maidens,runs,wickets,no_balls,wides,economy,player_name_clean,team_clean,player_id
CANADA vs UNITED STATES OF AMERICA,UNITED STATES OF AMERICA,Ali Khan,4,0,41,1,0,2,10.2,ali khan,USA,P72
CANADA vs UNITED STATES OF AMERICA,UNITED STATES OF AMERICA,Netravalkar,2,0,16,0,0,0,8,saurabh netravalkar,USA,P75
CANADA vs UNITED STATES OF AMERICA,UNITED STATES OF AMERICA,Harmeet Singh,4,0,27,1,0,0,6.8,harmeet singh,USA,P66
CANADA vs UNITED STATES OF AMERICA,UNITED STATES OF AMERICA,Jasdeep Singh,3,0,24,0,0,0,8,jessy singh,USA,P73
CANADA vs UNITED STATES OF AMERICA,UNITED STATES OF AMERICA,van Schalkwyk,3,0,34,0,0,0,11.3,shadley van schalkwyk,USA,P68
CANADA vs UNITED STATES OF AMERICA,UNITED STATES OF AMERICA,Steven Taylor,1,0,15,0,0,0,15,steven taylor,USA,P64
CANADA vs UNITED STATES OF AMERICA,UNITED STATES OF AMERICA,CJ Anderson,3,0,29,1,0,0,9.7,corey anderson,USA,P65
CANADA vs UNITED STATES OF AMERICA,CANADA,Kaleem Sana,4,0,34,1,0,6,8.5,kaleem sana,CAN,P58
CANADA vs UNITED STATES OF AMERICA,CANADA,Jeremy Gordon,3,0,44,0,2,3,14.7,jeremy gordon,CAN,P57
CANADA vs UNITED STATES OF AMERICA,CANADA,Dillon Heyliger,3,0,19,1,0,3,6.3,dilon heyliger,CAN,P56
CANADA vs UNITED STATES OF AMERICA,CANADA,Saad Bin Zafar (c),4,0,42,0,0,0,10.5,saad bin zafar,CAN,P54
CANADA vs UNITED STATES OF AMERICA,CANADA,Nikhil Dutta,2.4,0,41,1,1,2,15.4,nikhil dutta,CAN,P59
CANADA vs UNITED STATES OF AMERICA,CANADA,Pargat Singh,1,0,15,0,0,0,15,pargat singh,CAN,P49
PAPUA NEW GUINEA vs WEST INDIES,WEST INDIES,Akeal Hosein,3,0,9,1,0,0,3,akeal hosein,WI,P212
PAPUA NEW GUINEA vs WEST INDIES,WEST INDIES,Romario Shepherd,3,0,23,1,0,1,7.7,romario shepherd,WI,P205
PAPUA NEW GUINEA vs WEST INDIES,WEST INDIES,Russell,3,0,19,2,0,1,6.3,andre russell,WI,P204
PAPUA NEW GUINEA vs WEST INDIES,WEST INDIES,Roston Chase,4,0,26,0,0,4,6.5,roston chase,WI,P203
PAPUA NEW GUINEA vs WEST INDIES,WEST INDIES,Alzarri Joseph,4,0,34,2,1,1,8.5,alzarri joseph,WI,P210
PAPUA NEW GUINEA vs WEST INDIES,WEST INDIES,Motie,3,0,24,1,0,0,8,gudakesh motie,WI,P206
PAPUA NEW GUINEA vs WEST INDIES,PAPUA NEW GUINEA,Kabua Morea,3,0,30,0,0,0,10,kabua morea,PNG,P241
PAPUA NEW GUINEA vs WEST INDIES,PAPUA NEW GUINEA,Alei Nao,2,1,9,1,0,0,4.5,alei nao,PNG,P238
PAPUA NEW GUINEA vs WEST INDIES,PAPUA NEW GUINEA,Chad Soper,3,0,19,1,0,0,6.3,chad soper,PNG,P239
PAPUA NEW GUINEA vs WEST INDIES,PAPUA NEW GUINEA,Sese Bau,1,0,18,0,0,0,18,sese bau,PNG,P234
PAPUA NEW GUINEA vs WEST INDIES,PAPUA NEW GUINEA,John Kariko,4,0,17,1,0,0,4.2,john kariko,PNG,P240
PAPUA NEW GUINEA vs WEST INDIES,PAPUA NEW GUINEA,Assad Vala (c),4,1,28,2,0,0,7,assad vala,PNG,P232
PAPUA NEW GUINEA vs WEST INDIES,PAPUA NEW GUINEA,Charles Amini,2,0,14,0,0,0,7,charles amini,PNG,P233
OMAN vs NAMIBIA,NAMIBIA,Trumpelmann,4,0,21,4,1,0,5.2,ruben trumpelmann,NAM,P254
OMAN vs NAMIBIA,NAMIBIA,Wiese,3.4,0,28,3,0,0,7.6,david wiese,NAM,P249
OMAN vs NAMIBIA,NAMIBIA,Tangeni Lungameni,4,0,18,0,0,1,4.5,tangeni lungameni,NAM,P257
OMAN vs NAMIBIA,NAMIBIA,Bernard Scholtz,4,0,20,1,0,1,5,bernard scholtz,NAM,P258
OMAN vs NAMIBIA,NAMIBIA,Gerhard Erasmus (c),4,0,20,2,0,0,5,gerhard erasmus,NAM,P246
OMAN vs NAMIBIA,OMAN,Bilal Khan,4,0,25,1,0,1,6.2,bilal khan,OMN,P118
OMAN vs NAMIBIA,OMAN,Shakeel Ahmed,3,0,20,0,0,0,6.7,shakeel ahmed,OMN,P117
OMAN vs NAMIBIA,OMAN,Kaleemullah,2,0,10,0,0,0,5,kaleemullah,OMN,P120
OMAN vs NAMIBIA,OMAN,Aqib Ilyas (c),4,1,17,1,0,0,4.2,aqib ilyas,OMN,P110
OMAN vs NAMIBIA,OMAN,Mehran Khan,3,1,7,3,0,0,2.3,mehran khan,OMN,P108
OMAN vs NAMIBIA,OMAN,Zeeshan Maqsood,2,0,12,0,0,0,6,zeeshan maqsood,OMN,P111
OMAN vs NAMIBIA,OMAN,Ayaan Khan,2,0,12,1,0,2,6,ayaan khan,OMN,P113
SRI LANKA vs SOUTH AFRICA,SOUTH AFRICA,Marco Jansen,3.1,0,15,0,0,1,4.7,marco jansen,RSA,P124
SRI LANKA vs SOUTH AFRICA,SOUTH AFRICA,Rabada,4,1,21,2,0,1,5.2,kagiso rabada,RSA,P134
SRI LANKA vs SOUTH AFRICA,SOUTH AFRICA,Ottneil Baartman,4,1,9,1,0,1,2.2,ottneil baartman,RSA,P129
SRI LANKA vs SOUTH AFRICA,SOUTH AFRICA,Maharaj,4,0,22,2,0,0,5.5,keshav maharaj,RSA,P132
SRI LANKA vs SOUTH AFRICA,SOUTH AFRICA,Nortje,4,0,7,4,0,0,1.8,anrich nortje,RSA,P133
SRI LANKA vs SOUTH AFRICA,SRI LANKA,Angelo Mathews,3,0,16,0,0,1,5.3,angelo mathews,SL,P139
SRI LANKA vs SOUTH AFRICA,SRI LANKA,Nuwan Thushara,3,0,18,1,1,0,6,nuwan thushara,SL,P150
SRI LANKA vs SOUTH AFRICA,SRI LANKA,Dasun Shanaka,3,1,6,1,0,0,2,dasun shanaka,SL,P141
SRI LANKA vs SOUTH AFRICA,SRI LANKA,Matheesha Pathirana,3,0,12,0,0,1,4,matheesha pathirana,SL,P148
SRI LANKA vs SOUTH AFRICA,SRI LANKA,Wanindu Hasaranga (c),3.2,0,22,2,0,0,6.6,wanindu hasaranga,SL,P142
SRI LANKA vs SOUTH AFRICA,SRI LANKA,Maheesh Theekshana,1,0,3,0,0,0,3,maheesh theekshana,SL,P149
AFGHANISTAN vs UGANDA,UGANDA,Alpesh Ramjani,4,0,33,1,0,0,8.2,alpesh ramjani,UGA,P220
AFGHANISTAN vs UGANDA,UGANDA,Cosmas Kyewuta,4,0,25,2,0,0,6.2,cosmas kyewuta,UGA,P225
AFGHANISTAN vs UGANDA,UGANDA,Dinesh Nakrani,3,0,37,0,0,0,12.3,dinesh nakrani,UGA,P217
AFGHANISTAN vs UGANDA,UGANDA,Bilal Hassan,2,0,34,0,1,5,17,bilal hassan,UGA,P224
AFGHANISTAN vs UGANDA,UGANDA,Ssenyondo,2,0,19,0,0,1,9.5,henry ssenyondo,UGA,P228
AFGHANISTAN vs UGANDA,UGANDA,Riazat Ali Shah,1,0,11,0,0,0,11,riazat ali shah,UGA,P219
AFGHANISTAN vs UGANDA,UGANDA,Masaba (c),4,0,21,2,0,0,5.2,brian masaba,UGA,P223
AFGHANISTAN vs UGANDA,AFGHANISTAN,Fazalhaq Farooqi,4,0,9,5,0,0,2.2,fazalhaq farooqi,AFG,P180
AFGHANISTAN vs UGANDA,AFGHANISTAN,Mujeeb Ur Rahman,3,0,16,1,0,5,5.3,mujeeb ur rahman,AFG,P177
AFGHANISTAN vs UGANDA,AFGHANISTAN,Naveen-ul-Haq,2,0,4,2,0,1,2,naveen-ul-haq,AFG,P179
AFGHANISTAN vs UGANDA,AFGHANISTAN,Azmatullah Omarzai,2,0,7,0,0,1,3.5,azmatullah omarzai,AFG,P170
AFGHANISTAN vs UGANDA,AFGHANISTAN,Rashid Khan (c),4,0,12,2,0,0,3,rashid khan,AFG,P172
AFGHANISTAN vs UGANDA,AFGHANISTAN,Mohammad Nabi,1,0,8,0,0,0,8,mohammad nabi,AFG,P171
SCOTLAND vs ENGLAND,ENGLAND,Mark Wood,2,0,11,0,1,1,5.5,mark wood,ENG,P45
SCOTLAND vs ENGLAND,ENGLAND,Jofra Archer,2,0,12,0,0,0,6,jofra archer,ENG,P40
SCOTLAND vs ENGLAND,ENGLAND,Moeen Ali,2,0,15,0,0,0,7.5,moeen ali,ENG,P33
SCOTLAND vs ENGLAND,ENGLAND,Chris Jordan,2,0,24,0,0,0,12,chris jordan,ENG,P42
SCOTLAND vs ENGLAND,ENGLAND,Adil Rashid,2,0,26,0,0,0,13,adil rashid,ENG,P43
NEPAL vs NETHERLANDS,NETHERLANDS,Kingma,4,0,23,0,0,2,5.8,vivian kingma,NED,P273
NEPAL vs NETHERLANDS,NETHERLANDS,Tim Pringle,4,0,20,3,0,0,5,tim pringle,NED,P266
NEPAL vs NETHERLANDS,NETHERLANDS,van Beek,3.2,0,18,3,0,0,5.4,logan van beek,NED,P270
NEPAL vs NETHERLANDS,NETHERLANDS,van Meekeren,4,0,19,2,0,1,4.8,paul van meekeren,NED,P272
NEPAL vs NETHERLANDS,NETHERLANDS,Bas de Leede,4,1,22,2,0,1,5.5,bas de leede,NED,P265
NEPAL vs NETHERLANDS,NEPAL,Karan KC,3,0,17,0,0,0,5.7,karan kc,NEP,P188
NEPAL vs NETHERLANDS,NEPAL,Sompal Kami,4,0,18,1,0,0,4.5,sompal kami,NEP,P189
NEPAL vs NETHERLANDS,NEPAL,Gulsan Jha,2,0,17,0,1,0,8.5,gulsan jha,NEP,P194
NEPAL vs NETHERLANDS,NEPAL,Dipendra Singh Airee,2,0,6,1,0,0,3,dipendra singh airee,NEP,P185
NEPAL vs NETHERLANDS,NEPAL,Abinash Bohara,3.4,0,29,1,0,0,7.9,abinash bohara,NEP,P195
NEPAL vs NETHERLANDS,NEPAL,Sagar Dhakal,4,0,21,0,0,0,5.2,sagar dhakal,NEP,P196
IRELAND vs INDIA,INDIA,Arshdeep Singh,4,0,35,2,1,9,8.8,arshdeep singh,IND,P13
IRELAND vs INDIA,INDIA,Siraj,3,0,13,1,0,0,4.3,mohammed siraj,IND,P15
IRELAND vs INDIA,INDIA,Bumrah,3,1,6,2,0,0,2,jasprit bumrah,IND,P14
IRELAND vs INDIA,INDIA,Hardik Pandya,4,1,27,3,0,0,6.8,hardik pandya,IND,P5
IRELAND vs INDIA,INDIA,Axar,1,0,3,1,0,0,3,axar patel,IND,P8
IRELAND vs INDIA,INDIA,Ravindra Jadeja,1,0,7,0,0,0,7,ravindra jadeja,IND,P7
IRELAND vs INDIA,IRELAND,Mark Adair,4,0,27,1,0,3,6.8,mark adair,IRE,P25
IRELAND vs INDIA,IRELAND,Joshua Little,4,0,42,0,0,3,10.5,joshua little,IRE,P27
IRELAND vs INDIA,IRELAND,Barry McCarthy,2.2,0,18,0,0,0,7.7,barry mccarthy,IRE,P28
IRELAND vs INDIA,IRELAND,Curtis Campher,1,0,4,0,0,0,4,curtis campher,IRE,P21
IRELAND vs INDIA,IRELAND,Benjamin White,1,0,6,1,0,0,6,benjamin white,IRE,P30
PAPUA NEW GUINEA vs UGANDA,UGANDA,Alpesh Ramjani,4,1,17,2,0,0,4.2,alpesh ramjani,UGA,P220
PAPUA NEW GUINEA vs UGANDA,UGANDA,Cosmas Kyewuta,3.1,0,17,2,0,0,5.4,cosmas kyewuta,UGA,P225
PAPUA NEW GUINEA vs UGANDA,UGANDA,Juma Miyagi,4,0,10,2,1,0,2.5,juma miyagi,UGA,P226
PAPUA NEW GUINEA vs UGANDA,UGANDA,Masaba (c),4,0,17,1,0,0,4.2,brian masaba,UGA,P223
PAPUA NEW GUINEA vs UGANDA,UGANDA,Nsubuga,4,2,4,2,0,0,1,frank nsubuga,UGA,P227
PAPUA NEW GUINEA vs UGANDA,PAPUA NEW GUINEA,Alei Nao,4,0,16,2,0,7,4,alei nao,PNG,P238
PAPUA NEW GUINEA vs UGANDA,PAPUA NEW GUINEA,Norman Vanua,4,0,19,2,0,7,4.8,norman vanua,PNG,P242
PAPUA NEW GUINEA vs UGANDA,PAPUA NEW GUINEA,Chad Soper,4,0,13,1,0,1,3.2,chad soper,PNG,P239
PAPUA NEW GUINEA vs UGANDA,PAPUA NEW GUINEA,Assad Vala (c),2,0,10,1,0,0,5,assad vala,PNG,P232
PAPUA NEW GUINEA vs UGANDA,PAPUA NEW GUINEA,John Kariko,4,0,18,0,0,0,4.5,john kariko,PNG,P240
PAPUA NEW GUINEA vs UGANDA,PAPUA NEW GUINEA,Charles Amini,0.2,0,2,0,0,0,6,charles amini,PNG,P233
AUSTRALIA vs OMAN,OMAN,Bilal Khan,4,0,36,1,1,1,9,bilal khan,OMN,P118
AUSTRALIA vs OMAN,OMAN,Kaleemullah,3,0,30,1,0,0,10,kaleemullah,OMN,P120
AUSTRALIA vs OMAN,OMAN,Shakeel Ahmed,4,0,28,0,1,0,7,shakeel ahmed,OMN,P117
AUSTRALIA vs OMAN,OMAN,Mehran Khan,4,0,38,2,1,0,9.5,mehran khan,OMN,P108
AUSTRALIA vs OMAN,OMAN,Aqib Ilyas (c),4,0,18,0,0,0,4.5,aqib ilyas,OMN,P110
AUSTRALIA vs OMAN,OMAN,Zeeshan Maqsood,1,0,12,0,0,0,12,zeeshan maqsood,OMN,P111
AUSTRALIA vs OMAN,AUSTRALIA,Mitchell Starc,3,0,20,2,0,5,6.7,mitchell starc,AUS,P89
AUSTRALIA vs OMAN,AUSTRALIA,Josh Hazlewood,4,0,21,0,0,0,5.2,josh hazlewood,AUS,P88
AUSTRALIA vs OMAN,AUSTRALIA,Nathan Ellis,4,0,28,2,0,1,7,nathan ellis,AUS,P87
AUSTRALIA vs OMAN,AUSTRALIA,Marcus Stoinis,3,0,19,3,0,1,6.3,marcus stoinis,AUS,P82
AUSTRALIA vs OMAN,AUSTRALIA,Glenn Maxwell,2,0,11,0,0,1,5.5,glenn maxwell,AUS,P81
AUSTRALIA vs OMAN,AUSTRALIA,Adam Zampa,4,0,24,2,0,0,6,adam zampa,AUS,P90
PAKISTAN vs UNITED STATES OF AMERICA,UNITED STATES OF AMERICA,Nosthush Kenjige,4,0,30,3,0,0,7.5,nosthush kenjige,USA,P74
PAKISTAN vs UNITED STATES OF AMERICA,UNITED STATES OF AMERICA,Netravalkar,4,0,18,2,0,0,4.5,saurabh netravalkar,USA,P75
PAKISTAN vs UNITED STATES OF AMERICA,UNITED STATES OF AMERICA,Ali Khan,4,0,30,1,0,2,7.5,ali khan,USA,P72
PAKISTAN vs UNITED STATES OF AMERICA,UNITED STATES OF AMERICA,Harmeet Singh,4,0,34,0,0,1,8.5,harmeet singh,USA,P66
PAKISTAN vs UNITED STATES OF AMERICA,UNITED STATES OF AMERICA,Jasdeep Singh,3,0,37,1,0,1,12.3,jasdeep singh,USA,P73
PAKISTAN vs UNITED STATES OF AMERICA,UNITED STATES OF AMERICA,CJ Anderson,1,0,6,0,0,0,6,corey anderson,USA,P65
PAKISTAN vs UNITED STATES OF AMERICA,PAKISTAN,Shaheen Afridi,4,0,33,0,0,2,8.2,shaheen afridi,PAK,P304
PAKISTAN vs UNITED STATES OF AMERICA,PAKISTAN,Mohammad Amir,4,0,25,1,0,3,6.2,mohammad amir,PAK,P302
PAKISTAN vs UNITED STATES OF AMERICA,PAKISTAN,Naseem Shah,4,0,26,1,0,2,6.5,naseem shah,PAK,P303
PAKISTAN vs UNITED STATES OF AMERICA,PAKISTAN,Haris Rauf,4,0,37,1,0,3,9.2,haris rauf,PAK,P300
PAKISTAN vs UNITED STATES OF AMERICA,PAKISTAN,Shadab Khan,3,0,27,0,0,1,9,shadab khan,PAK,P295
PAKISTAN vs UNITED STATES OF AMERICA,PAKISTAN,Iftikhar Ahmed,1,0,10,0,0,0,10,iftikhar ahmed,PAK,P292
NAMIBIA vs SCOTLAND,SCOTLAND,Wheal,4,0,33,3,1,2,8.2,brad wheal,SCO,P104
NAMIBIA vs SCOTLAND,SCOTLAND,Bradley Currie,4,0,16,2,0,0,4,brad currie,SCO,P105
NAMIBIA vs SCOTLAND,SCOTLAND,Christopher Sole,3,0,23,1,1,1,7.7,christopher sole,SCO,P102
NAMIBIA vs SCOTLAND,SCOTLAND,Mark Watt,4,0,39,0,0,0,9.8,mark watt,SCO,P103
NAMIBIA vs SCOTLAND,SCOTLAND,Chris Greaves,3,0,24,1,0,0,8,chris greaves,SCO,P100
NAMIBIA vs SCOTLAND,SCOTLAND,Michael Leask,2,0,16,1,0,0,8,michael leask,SCO,P95
NAMIBIA vs SCOTLAND,NAMIBIA,Ruben Trumpelmann,4,0,36,1,1,8,9,ruben trumpelmann,NAM,P254
NAMIBIA vs SCOTLAND,NAMIBIA,David Wiese,3.3,0,30,0,0,0,8.6,david wiese,NAM,P249
NAMIBIA vs SCOTLAND,NAMIBIA,Tangeni Lungameni,3,0,39,1,0,1,13,tangeni lungameni,NAM,P257
NAMIBIA vs SCOTLAND,NAMIBIA,Bernard Scholtz,4,0,20,1,0,0,5,bernard scholtz,NAM,P258
NAMIBIA vs SCOTLAND,NAMIBIA,Gerhard Erasmus (c),4,0,29,2,0,3,7.2,gerhard erasmus,NAM,P246
CANADA vs IRELAND,IRELAND,Mark Adair,4,0,23,1,0,1,5.8,mark adair,IRE,P25
CANADA vs IRELAND,IRELAND,Joshua Little,4,0,37,0,0,2,9.2,joshua little,IRE,P27
CANADA vs IRELAND,IRELAND,Craig Young,4,0,32,2,0,1,8,craig young,IRE,P29
CANADA vs IRELAND,IRELAND,Barry McCarthy,4,0,24,2,0,0,6,barry mccarthy,IRE,P28
CANADA vs IRELAND,IRELAND,Delany,2,0,10,1,0,0,5,gareth delany,IRE,P20
CANADA vs IRELAND,IRELAND,Curtis Campher,2,0,11,0,0,1,5.5,curtis campher,IRE,P21
CANADA vs IRELAND,CANADA,Kaleem Sana,4,0,38,0,0,3,9.5,kaleem sana,CAN,P58
CANADA vs IRELAND,CANADA,Jeremy Gordon,4,0,16,2,0,1,4,jeremy gordon,CAN,P57
CANADA vs IRELAND,CANADA,Junaid Siddiqui,4,0,27,1,0,0,6.8,junaid siddiqui,CAN,P50
CANADA vs IRELAND,CANADA,Saad Bin Zafar (c),4,0,22,1,0,0,5.5,saad bin zafar,CAN,P54
CANADA vs IRELAND,CANADA,Dillon Heyliger,4,0,18,2,0,1,4.5,dilon heyliger,CAN,P56
AFGHANISTAN vs NEW ZEALAND,NEW ZEALAND,Boult,4,0,22,2,0,0,5.5,trent boult,NZ,P161
AFGHANISTAN vs NEW ZEALAND,NEW ZEALAND,Matt Henry,4,0,37,2,0,0,9.2,matt henry,NZ,P163
AFGHANISTAN vs NEW ZEALAND,NEW ZEALAND,Santner,4,0,24,0,0,0,6,mitchell santner,NZ,P159
AFGHANISTAN vs NEW ZEALAND,NEW ZEALAND,M Bracewell,3,0,27,0,0,0,9,michael bracewell,NZ,P155
AFGHANISTAN vs NEW ZEALAND,NEW ZEALAND,Lockie Ferguson,4,0,28,1,0,0,7,lockie ferguson,NZ,P162
AFGHANISTAN vs NEW ZEALAND,NEW ZEALAND,Daryl Mitchell,1,0,16,0,0,0,16,daryl mitchell,NZ,P156
AFGHANISTAN vs NEW ZEALAND,AFGHANISTAN,Fazalhaq Farooqi,3.2,0,17,4,0,3,5.1,fazalhaq farooqi,AFG,P180
AFGHANISTAN vs NEW ZEALAND,AFGHANISTAN,Mohammad Nabi,4,0,16,2,0,0,4,mohammad nabi,AFG,P171
AFGHANISTAN vs NEW ZEALAND,AFGHANISTAN,Naveen-ul-Haq,3,0,10,0,0,0,3.3,naveen-ul-haq,AFG,P179
AFGHANISTAN vs NEW ZEALAND,AFGHANISTAN,Rashid Khan (c),4,0,17,4,0,2,4.2,rashid khan,AFG,P172
AFGHANISTAN vs NEW ZEALAND,AFGHANISTAN,Noor Ahmad,1,0,10,0,0,0,10,noor ahmad,AFG,P178
SRI LANKA vs BANGLADESH,BANGLADESH,Tanzim Hasan Sakib,4,0,24,1,0,0,6,tanzim hasan sakib,BAN,P289
SRI LANKA vs BANGLADESH,BANGLADESH,Shakib,3,0,30,0,0,0,10,shakib al hasan,BAN,P279
SRI LANKA vs BANGLADESH,BANGLADESH,Taskin Ahmed,4,0,25,2,0,1,6.2,taskin ahmed,BAN,P284
SRI LANKA vs BANGLADESH,BANGLADESH,Mustafizur,4,0,17,3,0,1,4.2,mustafizur rahman,BAN,P287
SRI LANKA vs BANGLADESH,BANGLADESH,Rishad Hossain,4,0,22,3,0,0,5.5,rishad hossain,BAN,P286
SRI LANKA vs BANGLADESH,BANGLADESH,Mahmudullah,1,0,4,0,0,0,4,mahmudullah,BAN,P280
SRI LANKA vs BANGLADESH,SRI LANKA,Dhananjaya de Silva,2,0,11,1,0,1,5.5,dhananjaya de silva,SL,P138
SRI LANKA vs BANGLADESH,SRI LANKA,Nuwan Thushara,4,0,18,4,0,5,4.5,nuwan thushara,SL,P150
SRI LANKA vs BANGLADESH,SRI LANKA,Maheesh Theekshana,4,0,25,0,0,3,6.2,maheesh theekshana,SL,P149
SRI LANKA vs BANGLADESH,SRI LANKA,Wanindu Hasaranga (c),4,0,32,2,0,0,8,wanindu hasaranga,SL,P142
SRI LANKA vs BANGLADESH,SRI LANKA,Matheesha Pathirana,4,0,27,1,0,2,6.8,matheesha pathirana,SL,P148
SRI LANKA vs BANGLADESH,SRI LANKA,Dasun Shanaka,1,0,11,0,0,1,11,dasun shanaka,SL,P141
NETHERLANDS vs SOUTH AFRICA,SOUTH AFRICA,Marco Jansen,4,0,20,2,1,1,5,marco jansen,RSA,P124
NETHERLANDS vs SOUTH AFRICA,SOUTH AFRICA,Rabada,4,0,27,0,0,1,6.8,kagiso rabada,RSA,P134
NETHERLANDS vs SOUTH AFRICA,SOUTH AFRICA,Ottneil Baartman,4,0,11,4,0,1,2.8,ottneil baartman,RSA,P129
NETHERLANDS vs SOUTH AFRICA,SOUTH AFRICA,Nortje,4,0,19,2,1,1,4.8,anrich nortje,RSA,P133
NETHERLANDS vs SOUTH AFRICA,SOUTH AFRICA,Maharaj,4,0,24,0,0,1,6,keshav maharaj,RSA,P132
NETHERLANDS vs SOUTH AFRICA,NETHERLANDS,Vivian Kingma,4,1,12,2,0,1,3,vivian kingma,NED,P273
NETHERLANDS vs SOUTH AFRICA,NETHERLANDS,Logan van Beek,4,1,21,2,0,0,5.2,logan van beek,NED,P270
NETHERLANDS vs SOUTH AFRICA,NETHERLANDS,Paul van Meekeren,4,1,13,0,0,1,3.2,paul van meekeren,NED,P272
NETHERLANDS vs SOUTH AFRICA,NETHERLANDS,Bas de Leede,3.5,0,34,1,1,0,8.9,bas de leede,NED,P265
NETHERLANDS vs SOUTH AFRICA,NETHERLANDS,Tim Pringle,2,0,14,0,0,0,7,tim pringle,NED,P266
NETHERLANDS vs SOUTH AFRICA,NETHERLANDS,Vikramjit Singh,1,0,11,0,0,0,11,vikramjit singh,NED,P262
AUSTRALIA vs ENGLAND,ENGLAND,Moeen,2,0,18,1,0,0,9,moeen ali,ENG,P33
AUSTRALIA vs ENGLAND,ENGLAND,Will Jacks,1,0,22,0,0,0,22,will jacks,ENG,P34
AUSTRALIA vs ENGLAND,ENGLAND,Jofra Archer,4,0,28,1,0,1,7,jofra archer,ENG,P40
AUSTRALIA vs ENGLAND,ENGLAND,Mark Wood,3,0,32,0,0,0,10.7,mark wood,ENG,P45
AUSTRALIA vs ENGLAND,ENGLAND,Adil Rashid,4,0,41,1,0,1,10.2,adil rashid,ENG,P43
AUSTRALIA vs ENGLAND,ENGLAND,Chris Jordan,4,0,44,2,0,4,11,chris jordan,ENG,P42
AUSTRALIA vs ENGLAND,ENGLAND,Livingstone,2,0,15,1,0,0,7.5,liam livingstone,ENG,P35
AUSTRALIA vs ENGLAND,AUSTRALIA,Mitchell Starc,3,0,37,0,0,2,12.3,mitchell starc,AUS,P89
AUSTRALIA vs ENGLAND,AUSTRALIA,Josh Hazlewood,4,0,28,1,0,0,7,josh hazlewood,AUS,P88
AUSTRALIA vs ENGLAND,AUSTRALIA,Pat Cummins,4,0,23,2,0,1,5.8,pat cummins,AUS,P86
AUSTRALIA vs ENGLAND,AUSTRALIA,Marcus Stoinis,3,0,24,1,0,2,8,marcus stoinis,AUS,P82
AUSTRALIA vs ENGLAND,AUSTRALIA,Adam Zampa,4,0,28,2,0,0,7,adam zampa,AUS,P90
AUSTRALIA vs ENGLAND,AUSTRALIA,Glenn Maxwell,2,0,22,0,0,0,11,glenn maxwell,AUS,P81
WEST INDIES vs UGANDA,UGANDA,Alpesh Ramjani,3,0,16,1,0,0,5.3,alpesh ramjani,UGA,P220
WEST INDIES vs UGANDA,UGANDA,Cosmas Kyewuta,4,0,42,1,1,3,10.5,cosmas kyewuta,UGA,P225
WEST INDIES vs UGANDA,UGANDA,Juma Miyagi,3,0,29,0,1,0,9.7,juma miyagi,UGA,P226
WEST INDIES vs UGANDA,UGANDA,Nsubuga,3,0,29,0,1,0,9.7,frank nsubuga,UGA,P227
WEST INDIES vs UGANDA,UGANDA,Masaba (c),4,0,31,2,0,2,7.8,brian masaba,UGA,P223
WEST INDIES vs UGANDA,UGANDA,Dinesh Nakrani,3,0,20,1,0,0,6.7,dinesh nakrani,UGA,P217
WEST INDIES vs UGANDA,WEST INDIES,Akeal Hosein,4,0,11,5,0,0,2.8,akeal hosein,WI,P212
WEST INDIES vs UGANDA,WEST INDIES,Romario Shepherd,2,0,9,1,0,0,4.5,romario shepherd,WI,P205
WEST INDIES vs UGANDA,WEST INDIES,Andre Russell,1,0,4,1,0,1,4,andre russell,WI,P204
WEST INDIES vs UGANDA,WEST INDIES,Alzarri Joseph,3,0,6,2,0,1,2,alzarri joseph,WI,P210
WEST INDIES vs UGANDA,WEST INDIES,Gudakesh Motie,2,0,6,1,0,0,3,gudakesh motie,WI,P206
INDIA vs PAKISTAN,PAKISTAN,Shaheen Afridi,4,0,29,1,0,1,7.2,shaheen afridi,PAK,P304
INDIA vs PAKISTAN,PAKISTAN,Naseem Shah,4,0,21,3,1,2,5.2,naseem shah,PAK,P303
INDIA vs PAKISTAN,PAKISTAN,Amir,4,0,23,2,0,0,5.8,mohammad amir,PAK,P302
INDIA vs PAKISTAN,PAKISTAN,Iftikhar Ahmed,1,0,7,0,0,1,7,iftikhar ahmed,PAK,P292
INDIA vs PAKISTAN,PAKISTAN,Imad Wasim,3,0,17,0,0,1,5.7,imad wasim,PAK,P294
INDIA vs PAKISTAN,PAKISTAN,Haris Rauf,3,0,21,3,0,0,7,haris rauf,PAK,P300
INDIA vs PAKISTAN,INDIA,Arshdeep Singh,4,0,31,1,0,2,7.8,arshdeep singh,IND,P13
INDIA vs PAKISTAN,INDIA,Mohammed Siraj,4,0,19,0,1,1,4.8,mohammed siraj,IND,P15
INDIA vs PAKISTAN,INDIA,Jasprit Bumrah,4,0,14,3,0,0,3.5,jasprit bumrah,IND,P14
INDIA vs PAKISTAN,INDIA,Hardik Pandya,4,0,24,2,0,1,6,hardik pandya,IND,P5
INDIA vs PAKISTAN,INDIA,Ravindra Jadeja,2,0,10,0,0,0,5,ravindra jadeja,IND,P7
INDIA vs PAKISTAN,INDIA,Axar Patel,2,0,11,1,0,0,5.5,axar patel,IND,P8
OMAN vs SCOTLAND,SCOTLAND,Mark Watt,4,0,25,1,0,2,6.2,mark watt,SCO,P103
OMAN vs SCOTLAND,SCOTLAND,Wheal,4,0,19,1,0,0,4.8,brad wheal,SCO,P104
OMAN vs SCOTLAND,SCOTLAND,Christopher Sole,4,0,41,1,0,0,10.2,christopher sole,SCO,P102
OMAN vs SCOTLAND,SCOTLAND,Safyaan Sharif,4,0,40,2,0,0,10,safyaan sharif,SCO,P101
OMAN vs SCOTLAND,SCOTLAND,Michael Leask,3,0,21,0,0,1,7,michael leask,SCO,P95
OMAN vs SCOTLAND,SCOTLAND,Chris Greaves,1,0,2,1,0,0,2,chris greaves,SCO,P100
OMAN vs SCOTLAND,OMAN,Bilal Khan,2.1,0,12,1,0,0,5.5,bilal khan,OMN,P118
OMAN vs SCOTLAND,OMAN,Shakeel Ahmed,2,0,23,0,0,0,11.5,shakeel ahmed,OMN,P117
OMAN vs SCOTLAND,OMAN,Kaleemullah,2,0,17,0,0,0,8.5,kaleemullah,OMN,P120
OMAN vs SCOTLAND,OMAN,Aqib Ilyas (c),3,0,41,1,0,0,13.7,aqib ilyas,OMN,P110
OMAN vs SCOTLAND,OMAN,Mehran Khan,1,0,16,1,0,5,16,mehran khan,OMN,P108
OMAN vs SCOTLAND,OMAN,Zeeshan Maqsood,2,0,22,0,0,0,11,zeeshan maqsood,OMN,P111
OMAN vs SCOTLAND,OMAN,Ayaan Khan,1,0,20,0,0,0,20,ayaan khan,OMN,P113
SOUTH AFRICA vs BANGLADESH,BANGLADESH,Tanzim Hasan Sakib,4,0,18,3,0,3,4.5,tanzim hasan sakib,BAN,P289
SOUTH AFRICA vs BANGLADESH,BANGLADESH,Taskin Ahmed,4,0,19,2,0,0,4.8,taskin ahmed,BAN,P284
SOUTH AFRICA vs BANGLADESH,BANGLADESH,Mustafizur,4,0,18,0,0,1,4.5,mustafizur rahman,BAN,P287
SOUTH AFRICA vs BANGLADESH,BANGLADESH,Rishad Hossain,4,0,32,1,0,0,8,rishad hossain,BAN,P286
SOUTH AFRICA vs BANGLADESH,BANGLADESH,Shakib,1,0,6,0,0,0,6,shakib al hasan,BAN,P279
SOUTH AFRICA vs BANGLADESH,BANGLADESH,Mahmudullah,3,0,17,0,0,0,5.7,mahmudullah,BAN,P280
SOUTH AFRICA vs BANGLADESH,SOUTH AFRICA,Marco Jansen,4,0,17,0,0,2,4.2,marco jansen,RSA,P124
SOUTH AFRICA vs BANGLADESH,SOUTH AFRICA,Kagiso Rabada,4,0,19,2,0,0,4.8,kagiso rabada,RSA,P134
SOUTH AFRICA vs BANGLADESH,SOUTH AFRICA,Ottneil Baartman,4,0,27,0,0,0,6.8,ottneil baartman,RSA,P129
SOUTH AFRICA vs BANGLADESH,SOUTH AFRICA,Keshav Maharaj,4,0,27,3,0,2,6.8,keshav maharaj,RSA,P132
SOUTH AFRICA vs BANGLADESH,SOUTH AFRICA,Anrich Nortje,4,0,17,2,1,1,4.2,anrich nortje,RSA,P133
CANADA vs PAKISTAN,PAKISTAN,Shaheen Afridi,4,0,21,1,0,1,5.2,shaheen afridi,PAK,P304
CANADA vs PAKISTAN,PAKISTAN,Naseem Shah,4,0,24,1,0,1,6,naseem shah,PAK,P303
CANADA vs PAKISTAN,PAKISTAN,Amir,4,0,13,2,0,0,3.2,mohammad amir,PAK,P302
CANADA vs PAKISTAN,PAKISTAN,Haris Rauf,4,0,26,2,0,7,6.5,haris rauf,PAK,P300
CANADA vs PAKISTAN,PAKISTAN,Imad Wasim,4,0,19,0,0,1,4.8,imad wasim,PAK,P294
CANADA vs PAKISTAN,CANADA,Kaleem Sana,3,0,21,0,0,5,7,kaleem sana,CAN,P58
CANADA vs PAKISTAN,CANADA,Jeremy Gordon,3.3,0,17,1,0,1,4.9,jeremy gordon,CAN,P57
CANADA vs PAKISTAN,CANADA,Dillon Heyliger,4,0,18,2,0,1,4.5,dilon heyliger,CAN,P56
CANADA vs PAKISTAN,CANADA,Saad Bin Zafar (c),4,0,23,0,0,1,5.8,saad bin zafar,CAN,P54
CANADA vs PAKISTAN,CANADA,Junaid Siddiqui,3,0,28,0,0,1,9.3,junaid siddiqui,CAN,P50
NAMIBIA vs AUSTRALIA,AUSTRALIA,Hazlewood,4,0,18,2,0,2,4.5,josh hazlewood,AUS,P88
NAMIBIA vs AUSTRALIA,AUSTRALIA,Stoinis,3,0,9,2,0,2,3,marcus stoinis,AUS,P82
NAMIBIA vs AUSTRALIA,AUSTRALIA,Cummins,3,1,16,1,0,0,5.3,pat cummins,AUS,P86
NAMIBIA vs AUSTRALIA,AUSTRALIA,Zampa,4,0,12,4,0,0,3,adam zampa,AUS,P90
NAMIBIA vs AUSTRALIA,AUSTRALIA,Nathan Ellis,3,1,12,1,0,0,4,nathan ellis,AUS,P87
NAMIBIA vs AUSTRALIA,NAMIBIA,Ruben Trumpelmann,2,0,19,0,0,0,9.5,ruben trumpelmann,NAM,P254
NAMIBIA vs AUSTRALIA,NAMIBIA,David Wiese,1,0,15,1,0,1,15,david wiese,NAM,P249
NAMIBIA vs AUSTRALIA,NAMIBIA,Ben Shikongo,1,0,19,0,0,0,19,ben shikongo,NAM,P256
NAMIBIA vs AUSTRALIA,NAMIBIA,Gerhard Erasmus (c),1,0,6,0,0,0,6,gerhard erasmus,NAM,P246
NAMIBIA vs AUSTRALIA,NAMIBIA,Jack Brassell,0.4,0,14,0,0,0,21,jack brassell,NAM,P255
UNITED STATES OF AMERICA vs INDIA,INDIA,Arshdeep Singh,4,0,9,4,0,1,2.2,arshdeep singh,IND,P13
UNITED STATES OF AMERICA vs INDIA,INDIA,Siraj,4,0,25,0,0,0,6.2,mohammed siraj,IND,P15
UNITED STATES OF AMERICA vs INDIA,INDIA,Bumrah,4,0,25,0,0,5,6.2,jasprit bumrah,IND,P14
UNITED STATES OF AMERICA vs INDIA,INDIA,Hardik Pandya,4,1,14,2,0,0,3.5,hardik pandya,IND,P5
UNITED STATES OF AMERICA vs INDIA,INDIA,Shivam Dube,1,0,11,0,0,0,11,shivam dube,IND,P6
UNITED STATES OF AMERICA vs INDIA,INDIA,Axar,3,0,25,1,0,1,8.3,axar patel,IND,P8
UNITED STATES OF AMERICA vs INDIA,UNITED STATES OF AMERICA,Saurabh Netravalkar,4,0,18,2,0,0,4.5,saurabh netravalkar,USA,P75
UNITED STATES OF AMERICA vs INDIA,UNITED STATES OF AMERICA,Ali Khan,3.2,0,21,1,0,1,6.3,ali khan,USA,P72
UNITED STATES OF AMERICA vs INDIA,UNITED STATES OF AMERICA,Jasdeep Singh,4,0,24,0,1,0,6,jasdeep singh,USA,P73
UNITED STATES OF AMERICA vs INDIA,UNITED STATES OF AMERICA,Shadley van Schalkwyk,4,0,25,0,0,0,6.2,shadley van schalkwyk,USA,P68
UNITED STATES OF AMERICA vs INDIA,UNITED STATES OF AMERICA,Corey Anderson,3,0,17,0,0,1,5.7,corey anderson,USA,P65
WEST INDIES vs NEW ZEALAND,NEW ZEALAND,Boult,4,1,16,3,0,0,4,trent boult,NZ,P161
WEST INDIES vs NEW ZEALAND,NEW ZEALAND,Southee,4,0,21,2,0,0,5.2,tim southee,NZ,P165
WEST INDIES vs NEW ZEALAND,NEW ZEALAND,Lockie Ferguson,4,0,27,2,0,2,6.8,lockie ferguson,NZ,P162
WEST INDIES vs NEW ZEALAND,NEW ZEALAND,Neesham,4,0,27,1,0,1,6.8,james neesham,NZ,P157
WEST INDIES vs NEW ZEALAND,NEW ZEALAND,Glenn Phillips,1,0,9,0,0,0,9,glenn phillips,NZ,P154
WEST INDIES vs NEW ZEALAND,NEW ZEALAND,Santner,2,0,27,1,0,0,13.5,mitchell santner,NZ,P159
WEST INDIES vs NEW ZEALAND,NEW ZEALAND,Daryl Mitchell,1,0,19,0,0,0,19,daryl mitchell,NZ,P156
WEST INDIES vs NEW ZEALAND,WEST INDIES,Akeal Hosein,4,0,21,1,0,0,5.2,akeal hosein,WI,P212
WEST INDIES vs NEW ZEALAND,WEST INDIES,Romario Shepherd,3,0,36,0,0,2,12,romario shepherd,WI,P205
WEST INDIES vs NEW ZEALAND,WEST INDIES,Andre Russell,4,0,30,1,0,0,7.5,andre russell,WI,P204
WEST INDIES vs NEW ZEALAND,WEST INDIES,Alzarri Joseph,4,0,19,4,0,0,4.8,alzarri joseph,WI,P210
WEST INDIES vs NEW ZEALAND,WEST INDIES,Gudakesh Motie,4,0,25,3,0,0,6.2,gudakesh motie,WI,P206
WEST INDIES vs NEW ZEALAND,WEST INDIES,Roston Chase,1,0,4,0,0,1,4,roston chase,WI,P203
BANGLADESH vs NETHERLANDS,NETHERLANDS,Kingma,2,0,20,0,0,1,10,vivian kingma,NED,P273
BANGLADESH vs NETHERLANDS,NETHERLANDS,Aryan Dutt,4,0,17,2,0,1,4.2,aryan dutt,NED,P271
BANGLADESH vs NETHERLANDS,NETHERLANDS,van Meekeren,4,0,15,2,0,0,3.8,paul van meekeren,NED,P272
BANGLADESH vs NETHERLANDS,NETHERLANDS,van Beek,4,0,43,0,0,1,10.8,logan van beek,NED,P270
BANGLADESH vs NETHERLANDS,NETHERLANDS,Bas de Leede,3,0,31,0,0,0,10.3,bas de leede,NED,P265
BANGLADESH vs NETHERLANDS,NETHERLANDS,Tim Pringle,3,0,26,1,0,0,8.7,tim pringle,NED,P266
BANGLADESH vs NETHERLANDS,BANGLADESH,Mustafizur Rahman,4,0,12,1,0,1,3,mustafizur rahman,BAN,P287
BANGLADESH vs NETHERLANDS,BANGLADESH,Tanzim Hasan Sakib,3,0,23,1,0,0,7.7,tanzim hasan sakib,BAN,P289
BANGLADESH vs NETHERLANDS,BANGLADESH,Taskin Ahmed,4,0,30,2,0,0,7.5,taskin ahmed,BAN,P284
BANGLADESH vs NETHERLANDS,BANGLADESH,Shakib Al Hasan,4,0,29,0,0,0,7.2,shakib al hasan,BAN,P279
BANGLADESH vs NETHERLANDS,BANGLADESH,Rishad Hossain,4,0,33,3,0,0,8.2,rishad hossain,BAN,P286
BANGLADESH vs NETHERLANDS,BANGLADESH,Mahmudullah,1,0,6,1,0,0,6,mahmudullah,BAN,P280
OMAN vs ENGLAND,ENGLAND,R Topley,3,0,12,0,0,0,4,reece topley,ENG,P44
OMAN vs ENGLAND,ENGLAND,Jofra Archer,3.2,1,12,3,0,1,3.6,jofra archer,ENG,P40
OMAN vs ENGLAND,ENGLAND,Mark Wood,3,0,12,3,0,0,4,mark wood,ENG,P45
OMAN vs ENGLAND,ENGLAND,Adil Rashid,4,0,11,4,0,3,2.8,adil rashid,ENG,P43
OMAN vs ENGLAND,OMAN,Bilal Khan,2,0,36,1,0,0,18,bilal khan,OMN,P118
OMAN vs ENGLAND,OMAN,Kaleemullah,1,0,10,1,1,0,10,kaleemullah,OMN,P120
OMAN vs ENGLAND,OMAN,Fayyaz Butt,0.1,0,4,0,0,0,24,fayyaz butt,OMN,P119
PAPUA NEW GUINEA vs AFGHANISTAN,AFGHANISTAN,Fazalhaq Farooqi,4,0,16,3,0,5,4,fazalhaq farooqi,AFG,P180
PAPUA NEW GUINEA vs AFGHANISTAN,AFGHANISTAN,Nabi,1,0,9,0,0,0,9,mohammad nabi,AFG,P171
PAPUA NEW GUINEA vs AFGHANISTAN,AFGHANISTAN,Naveen-ul-Haq,2.5,0,4,2,0,1,1.4,naveen-ul-haq,AFG,P179
PAPUA NEW GUINEA vs AFGHANISTAN,AFGHANISTAN,Rashid Khan (c),4,0,25,0,0,5,6.2,rashid khan,AFG,P172
PAPUA NEW GUINEA vs AFGHANISTAN,AFGHANISTAN,Noor Ahmad,4,0,14,1,0,1,3.5,noor ahmad,AFG,P178
PAPUA NEW GUINEA vs AFGHANISTAN,AFGHANISTAN,Azmatullah,2,1,5,0,0,0,2.5,azmatullah omarzai,AFG,P170
PAPUA NEW GUINEA vs AFGHANISTAN,AFGHANISTAN,Karim Janat,2,0,10,0,0,1,5,karim janat,AFG,P173
PAPUA NEW GUINEA vs AFGHANISTAN,PAPUA NEW GUINEA,Alei Nao,4,0,26,1,0,3,6.5,alei nao,PNG,P238
PAPUA NEW GUINEA vs AFGHANISTAN,PAPUA NEW GUINEA,Semo Kamea,3,0,16,1,0,2,5.3,semo kamea,PNG,P243
PAPUA NEW GUINEA vs AFGHANISTAN,PAPUA NEW GUINEA,Chad Soper,2.1,0,19,0,0,0,8.8,chad soper,PNG,P239
PAPUA NEW GUINEA vs AFGHANISTAN,PAPUA NEW GUINEA,Norman Vanua,3,0,18,1,0,0,6,norman vanua,PNG,P242
PAPUA NEW GUINEA vs AFGHANISTAN,PAPUA NEW GUINEA,John Kariko,3,0,15,0,0,0,5,john kariko,PNG,P240
SOUTH AFRICA vs NEPAL,NEPAL,Sompal Kami,2,1,6,0,0,1,3,sompal kami,NEP,P189
SOUTH AFRICA vs NEPAL,NEPAL,Dipendra Singh,4,0,21,3,0,1,5.2,dipendra singh airee,NEP,P185
SOUTH AFRICA vs NEPAL,NEPAL,Karan KC,1,0,9,0,0,0,9,karan kc,NEP,P188
SOUTH AFRICA vs NEPAL,NEPAL,Kushal Malla,2,0,17,0,0,0,8.5,kushal malla,NEP,P187
SOUTH AFRICA vs NEPAL,NEPAL,Lamichhane,4,0,18,0,0,0,4.5,sandeep lamichhane,NEP,P197
SOUTH AFRICA vs NEPAL,NEPAL,Kushal Bhurtel,4,0,19,4,0,1,4.8,kushal bhurtel,NEP,P182
SOUTH AFRICA vs NEPAL,NEPAL,Abinash Bohara,3,0,19,0,0,0,6.3,abinash bohara,NEP,P195
SOUTH AFRICA vs NEPAL,SOUTH AFRICA,Marco Jansen,4,0,16,0,0,0,4,marco jansen,RSA,P124
SOUTH AFRICA vs NEPAL,SOUTH AFRICA,Kagiso Rabada,2,0,17,0,0,0,8.5,kagiso rabada,RSA,P134
SOUTH AFRICA vs NEPAL,SOUTH AFRICA,Ottneil Baartman,4,0,20,0,0,0,5,ottneil baartman,RSA,P129
SOUTH AFRICA vs NEPAL,SOUTH AFRICA,Anrich Nortje,4,0,27,1,0,3,6.8,anrich nortje,RSA,P133
SOUTH AFRICA vs NEPAL,SOUTH AFRICA,Tabraiz Shamsi,4,0,19,4,0,1,4.8,tabraiz shamsi,RSA,P135
SOUTH AFRICA vs NEPAL,SOUTH AFRICA,Aiden Markram (c),2,0,8,1,0,0,4,aiden markram,RSA,P121
UGANDA vs NEW ZEALAND,NEW ZEALAND,Boult,4,1,7,2,0,0,1.8,trent boult,NZ,P161
UGANDA vs NEW ZEALAND,NEW ZEALAND,Southee,4,1,4,3,0,0,1,tim southee,NZ,P165
UGANDA vs NEW ZEALAND,NEW ZEALAND,Santner,3.4,0,8,2,0,3,2.2,mitchell santner,NZ,P159
UGANDA vs NEW ZEALAND,NEW ZEALAND,Lockie Ferguson,4,0,9,1,0,2,2.2,lockie ferguson,NZ,P162
UGANDA vs NEW ZEALAND,NEW ZEALAND,Rachin Ravindra,3,1,9,2,0,0,3,rachin ravindra,NZ,P158
UGANDA vs NEW ZEALAND,UGANDA,Cosmas Kyewuta,2,0,13,0,1,2,6.5,cosmas kyewuta,UGA,P225
UGANDA vs NEW ZEALAND,UGANDA,Juma Miyagi,2.2,0,16,0,0,0,6.9,juma miyagi,UGA,P226
UGANDA vs NEW ZEALAND,UGANDA,Riazat Ali Shah,1,0,10,1,0,4,10,riazat ali shah,UGA,P219
ENGLAND vs NAMIBIA,NAMIBIA,Wiese,2,0,6,1,0,0,3,david wiese,NAM,P249
ENGLAND vs NAMIBIA,NAMIBIA,Trumpelmann,2,0,31,2,0,1,15.5,ruben trumpelmann,NAM,P254
ENGLAND vs NAMIBIA,NAMIBIA,Bernard Scholtz,2,0,24,1,0,0,12,bernard scholtz,NAM,P258
ENGLAND vs NAMIBIA,NAMIBIA,Gerhard Erasmus (c),2,0,26,0,0,0,13,gerhard erasmus,NAM,P246
ENGLAND vs NAMIBIA,NAMIBIA,Jack Brassell,2,0,32,0,0,0,16,jack brassell,NAM,P255
ENGLAND vs NAMIBIA,ENGLAND,Reece Topley,2,0,6,0,1,0,3,reece topley,ENG,P44
ENGLAND vs NAMIBIA,ENGLAND,Jofra Archer,2,0,15,1,0,1,7.5,jofra archer,ENG,P40
ENGLAND vs NAMIBIA,ENGLAND,Sam Curran,2,0,13,0,0,0,6.5,sam curran,ENG,P36
ENGLAND vs NAMIBIA,ENGLAND,Chris Jordan,2,0,19,1,0,0,9.5,chris jordan,ENG,P42
ENGLAND vs NAMIBIA,ENGLAND,Adil Rashid,2,0,29,0,0,1,14.5,adil rashid,ENG,P43
SCOTLAND vs AUSTRALIA,AUSTRALIA,Agar,4,0,39,1,0,1,9.8,ashton agar,AUS,P83
SCOTLAND vs AUSTRALIA,AUSTRALIA,Mitchell Starc,4,0,31,0,0,1,7.8,mitchell starc,AUS,P89
SCOTLAND vs AUSTRALIA,AUSTRALIA,Nathan Ellis,4,0,34,1,0,4,8.5,nathan ellis,AUS,P87
SCOTLAND vs AUSTRALIA,AUSTRALIA,Maxwell,4,0,44,2,0,1,11,glenn maxwell,AUS,P81
SCOTLAND vs AUSTRALIA,AUSTRALIA,Zampa,4,0,30,1,0,0,7.5,adam zampa,AUS,P90
SCOTLAND vs AUSTRALIA,SCOTLAND,Michael Leask,4,0,39,0,0,0,9.8,michael leask,SCO,P95
SCOTLAND vs AUSTRALIA,SCOTLAND,Brad Wheal,3.4,1,28,1,0,0,7.6,brad wheal,SCO,P104
SCOTLAND vs AUSTRALIA,SCOTLAND,Mark Watt,4,0,34,2,0,1,8.5,mark watt,SCO,P103
SCOTLAND vs AUSTRALIA,SCOTLAND,Christopher Sole,3,0,33,0,0,1,11,christopher sole,SCO,P102
SCOTLAND vs AUSTRALIA,SCOTLAND,Safyaan Sharif,4,0,42,2,0,3,10.5,safyaan sharif,SCO,P101
SCOTLAND vs AUSTRALIA,SCOTLAND,Chris Greaves,1,0,4,0,0,0,4,chris greaves,SCO,P100
IRELAND vs PAKISTAN,PAKISTAN,Shaheen Afridi,4,0,22,3,0,2,5.5,shaheen afridi,PAK,P304
IRELAND vs PAKISTAN,PAKISTAN,Amir,4,1,11,2,0,0,2.8,mohammad amir,PAK,P302
IRELAND vs PAKISTAN,PAKISTAN,Haris Rauf,4,0,17,1,0,0,4.2,haris rauf,PAK,P300
IRELAND vs PAKISTAN,PAKISTAN,Abbas Afridi,3,0,31,0,0,2,10.3,abbas afridi,PAK,P301
IRELAND vs PAKISTAN,PAKISTAN,Shadab Khan,1,0,11,0,0,0,11,shadab khan,PAK,P295
IRELAND vs PAKISTAN,PAKISTAN,Imad Wasim,4,0,8,3,0,0,2,imad wasim,PAK,P294
IRELAND vs PAKISTAN,IRELAND,Mark Adair,4,0,24,1,0,1,6,mark adair,IRE,P25
IRELAND vs PAKISTAN,IRELAND,Joshua Little,3,0,17,0,0,0,5.7,joshua little,IRE,P27
IRELAND vs PAKISTAN,IRELAND,Barry McCarthy,4,1,15,3,0,1,3.8,barry mccarthy,IRE,P28
IRELAND vs PAKISTAN,IRELAND,Benjamin White,2,0,11,1,0,0,5.5,benjamin white,IRE,P30
IRELAND vs PAKISTAN,IRELAND,Curtis Campher,4,0,24,2,0,0,6,curtis campher,IRE,P21
IRELAND vs PAKISTAN,IRELAND,Gareth Delany,1.5,0,19,0,0,1,10.4,gareth delany,IRE,P20
BANGLADESH vs NEPAL,NEPAL,Sompal Kami,3,0,10,2,0,0,3.3,sompal kami,NEP,P189
BANGLADESH vs NEPAL,NEPAL,Dipendra Singh,3.3,0,22,2,0,0,6.3,dipendra singh airee,NEP,P185
BANGLADESH vs NEPAL,NEPAL,Rohit Paudel (c),4,0,20,2,0,0,5,rohit paudel,NEP,P184
BANGLADESH vs NEPAL,NEPAL,Lamichhane,4,1,17,2,0,1,4.2,sandeep lamichhane,NEP,P197
BANGLADESH vs NEPAL,NEPAL,Kushal Bhurtel,4,0,22,0,0,2,5.5,kushal bhurtel,NEP,P182
BANGLADESH vs NEPAL,NEPAL,Abinash Bohara,1,0,10,0,0,2,10,abinash bohara,NEP,P195
BANGLADESH vs NEPAL,BANGLADESH,Tanzim Hasan Sakib,4,2,7,4,0,1,1.8,tanzim hasan sakib,BAN,P289
BANGLADESH vs NEPAL,BANGLADESH,Taskin Ahmed,4,0,29,1,0,1,7.2,taskin ahmed,BAN,P284
BANGLADESH vs NEPAL,BANGLADESH,Mustafizur Rahman,4,1,7,3,0,0,1.8,mustafizur rahman,BAN,P287
BANGLADESH vs NEPAL,BANGLADESH,Rishad Hossain,3,0,15,0,0,5,5,rishad hossain,BAN,P286
BANGLADESH vs NEPAL,BANGLADESH,Shakib Al Hasan,2.2,0,9,2,0,0,3.9,shakib al hasan,BAN,P279
BANGLADESH vs NEPAL,BANGLADESH,Mahmudullah,2,0,15,0,0,0,7.5,mahmudullah,BAN,P280
SRI LANKA vs NETHERLANDS,NETHERLANDS,Kingma,3,0,23,1,0,3,7.7,vivian kingma,NED,P273
SRI LANKA vs NETHERLANDS,NETHERLANDS,Aryan Dutt,3,0,23,1,0,1,7.7,aryan dutt,NED,P271
SRI LANKA vs NETHERLANDS,NETHERLANDS,van Beek,4,0,45,2,0,2,11.2,logan van beek,NED,P270
SRI LANKA vs NETHERLANDS,NETHERLANDS,van Meekeren,3,0,37,1,0,2,12.3,paul van meekeren,NED,P272
SRI LANKA vs NETHERLANDS,NETHERLANDS,Tim Pringle,4,0,41,1,0,0,10.2,tim pringle,NED,P266
SRI LANKA vs NETHERLANDS,NETHERLANDS,Bas de Leede,3,0,32,0,0,0,10.7,bas de leede,NED,P265
SRI LANKA vs NETHERLANDS,SRI LANKA,Angelo Mathews,2,0,20,0,1,1,10,angelo mathews,SL,P139
SRI LANKA vs NETHERLANDS,SRI LANKA,Nuwan Thushara,3.4,0,24,3,0,2,6.5,nuwan thushara,SL,P150
SRI LANKA vs NETHERLANDS,SRI LANKA,Maheesh Theekshana,3,0,25,1,0,1,8.3,maheesh theekshana,SL,P149
SRI LANKA vs NETHERLANDS,SRI LANKA,Wanindu Hasaranga (c),4,0,25,2,0,0,6.2,wanindu hasaranga,SL,P142
SRI LANKA vs NETHERLANDS,SRI LANKA,Dasun Shanaka,1,0,10,1,0,0,10,dasun shanaka,SL,P141
SRI LANKA vs NETHERLANDS,SRI LANKA,Matheesha Pathirana,3,0,12,2,0,1,4,matheesha pathirana,SL,P148
PAPUA NEW GUINEA vs NEW ZEALAND,NEW ZEALAND,Boult,4,0,14,2,0,0,3.5,trent boult,NZ,P161
PAPUA NEW GUINEA vs NEW ZEALAND,NEW ZEALAND,Southee,4,0,11,2,0,2,2.8,tim southee,NZ,P165
PAPUA NEW GUINEA vs NEW ZEALAND,NEW ZEALAND,Lockie Ferguson,4,4,0,3,0,0,0,lockie ferguson,NZ,P162
PAPUA NEW GUINEA vs NEW ZEALAND,NEW ZEALAND,Ish Sodhi,3.4,0,29,2,0,1,7.9,ish sodhi,NZ,P164
PAPUA NEW GUINEA vs NEW ZEALAND,NEW ZEALAND,Santner,4,0,17,1,0,1,4.2,mitchell santner,NZ,P159
PAPUA NEW GUINEA vs NEW ZEALAND,PAPUA NEW GUINEA,Kabua Morea,2.2,0,4,2,0,0,1.7,kabua morea,PNG,P241
PAPUA NEW GUINEA vs NEW ZEALAND,PAPUA NEW GUINEA,Alei Nao,3,0,22,0,0,0,7.3,alei nao,PNG,P238
PAPUA NEW GUINEA vs NEW ZEALAND,PAPUA NEW GUINEA,Assad Vala (c),1,0,4,0,0,0,4,assad vala,PNG,P232
PAPUA NEW GUINEA vs NEW ZEALAND,PAPUA NEW GUINEA,Charles Amini,1,0,5,0,0,0,5,charles amini,PNG,P233
PAPUA NEW GUINEA vs NEW ZEALAND,PAPUA NEW GUINEA,Semo Kamea,3,0,23,1,0,0,7.7,semo kamea,PNG,P243
PAPUA NEW GUINEA vs NEW ZEALAND,PAPUA NEW GUINEA,Chad Soper,1,0,14,0,0,0,14,chad soper,PNG,P239
PAPUA NEW GUINEA vs NEW ZEALAND,PAPUA NEW GUINEA,Norman Vanua,1,0,6,0,0,0,6,norman vanua,PNG,P242
WEST INDIES vs AFGHANISTAN,AFGHANISTAN,Fazalhaq Farooqi,3,0,38,0,1,1,12.7,fazalhaq farooqi,AFG,P180
WEST INDIES vs AFGHANISTAN,AFGHANISTAN,Azmatullah,2,0,41,1,1,5,20.5,azmatullah omarzai,AFG,P170
WEST INDIES vs AFGHANISTAN,AFGHANISTAN,Rashid Khan (c),4,0,45,0,0,1,11.2,rashid khan,AFG,P172
WEST INDIES vs AFGHANISTAN,AFGHANISTAN,Naveen-ul-Haq,4,0,41,1,0,2,10.2,naveen-ul-haq,AFG,P179
WEST INDIES vs AFGHANISTAN,AFGHANISTAN,Noor Ahmad,4,0,20,0,0,0,5,noor ahmad,AFG,P178
WEST INDIES vs AFGHANISTAN,AFGHANISTAN,Nabi,1,0,15,0,0,0,15,mohammad nabi,AFG,P171
WEST INDIES vs AFGHANISTAN,AFGHANISTAN,Gulbadin,2,0,14,2,0,0,7,gulbadin naib,AFG,P169
WEST INDIES vs AFGHANISTAN,WEST INDIES,Akeal Hosein,4,1,21,2,0,2,5.2,akeal hosein,WI,P212
WEST INDIES vs AFGHANISTAN,WEST INDIES,Andre Russell,2.2,0,17,1,0,0,7.3,andre russell,WI,P204
WEST INDIES vs AFGHANISTAN,WEST INDIES,Alzarri Joseph,3,0,30,1,0,1,10,alzarri joseph,WI,P210
WEST INDIES vs AFGHANISTAN,WEST INDIES,Gudakesh Motie,4,0,28,2,0,0,7,gudakesh motie,WI,P206
WEST INDIES vs AFGHANISTAN,WEST INDIES,Obed McCoy,3,0,14,3,0,0,4.7,obed mccoy,WI,P213
SOUTH AFRICA vs UNITED STATES OF AMERICA,UNITED STATES OF AMERICA,Netravalkar,4,0,21,2,0,0,5.2,saurabh netravalkar,USA,P75
SOUTH AFRICA vs UNITED STATES OF AMERICA,UNITED STATES OF AMERICA,Ali Khan,4,0,45,0,0,2,11.2,ali khan,USA,P72
SOUTH AFRICA vs UNITED STATES OF AMERICA,UNITED STATES OF AMERICA,Jasdeep Singh,2,0,36,0,1,2,18,jasdeep singh,USA,P73
SOUTH AFRICA vs UNITED STATES OF AMERICA,UNITED STATES OF AMERICA,Nosthush Kenjige,3,0,29,0,0,0,9.7,nosthush kenjige,USA,P74
SOUTH AFRICA vs UNITED STATES OF AMERICA,UNITED STATES OF AMERICA,Harmeet Singh,4,0,24,2,1,0,6,harmeet singh,USA,P66
SOUTH AFRICA vs UNITED STATES OF AMERICA,UNITED STATES OF AMERICA,Steven Taylor,2,0,21,0,0,0,10.5,steven taylor,USA,P64
SOUTH AFRICA vs UNITED STATES OF AMERICA,UNITED STATES OF AMERICA,CJ Anderson,1,0,17,0,0,0,17,corey anderson,USA,P65
SOUTH AFRICA vs UNITED STATES OF AMERICA,SOUTH AFRICA,Marco Jansen,3,0,32,0,0,2,10.7,marco jansen,RSA,P124
SOUTH AFRICA vs UNITED STATES OF AMERICA,SOUTH AFRICA,Aiden Markram (c),1,0,13,0,0,0,13,aiden markram,RSA,P121
SOUTH AFRICA vs UNITED STATES OF AMERICA,SOUTH AFRICA,Kagiso Rabada,4,0,18,3,1,1,4.5,kagiso rabada,RSA,P134
SOUTH AFRICA vs UNITED STATES OF AMERICA,SOUTH AFRICA,Keshav Maharaj,4,0,24,1,0,0,6,keshav maharaj,RSA,P132
SOUTH AFRICA vs UNITED STATES OF AMERICA,SOUTH AFRICA,Anrich Nortje,4,0,37,1,0,1,9.2,anrich nortje,RSA,P133
SOUTH AFRICA vs UNITED STATES OF AMERICA,SOUTH AFRICA,Tabraiz Shamsi,4,0,50,1,0,2,12.5,tabraiz shamsi,RSA,P135
WEST INDIES vs ENGLAND,ENGLAND,R Topley,3,0,26,0,0,4,8.7,reece topley,ENG,P44
WEST INDIES vs ENGLAND,ENGLAND,Mark Wood,3,0,36,0,0,4,12,mark wood,ENG,P45
WEST INDIES vs ENGLAND,ENGLAND,Jofra Archer,4,0,34,1,0,1,8.5,jofra archer,ENG,P40
WEST INDIES vs ENGLAND,ENGLAND,Sam Curran,3,0,25,0,0,0,8.3,sam curran,ENG,P36
WEST INDIES vs ENGLAND,ENGLAND,Adil Rashid,4,0,21,1,0,1,5.2,adil rashid,ENG,P43
WEST INDIES vs ENGLAND,ENGLAND,Moeen,2,0,15,1,0,0,7.5,moeen ali,ENG,P33
WEST INDIES vs ENGLAND,ENGLAND,Livingstone,1,0,20,1,0,0,20,liam livingstone,ENG,P35
WEST INDIES vs ENGLAND,WEST INDIES,Akeal Hosein,4,0,35,0,0,1,8.8,akeal hosein,WI,P212
WEST INDIES vs ENGLAND,WEST INDIES,Romario Shepherd,2,0,41,0,0,1,20.5,romario shepherd,WI,P205
WEST INDIES vs ENGLAND,WEST INDIES,Andre Russell,2,0,21,1,0,2,10.5,andre russell,WI,P204
WEST INDIES vs ENGLAND,WEST INDIES,Alzarri Joseph,2.3,0,32,0,0,0,12.8,alzarri joseph,WI,P210
WEST INDIES vs ENGLAND,WEST INDIES,Gudakesh Motie,4,0,32,0,0,0,8,gudakesh motie,WI,P206
WEST INDIES vs ENGLAND,WEST INDIES,Roston Chase,3,0,19,1,0,3,6.3,roston chase,WI,P203
INDIA vs AFGHANISTAN,AFGHANISTAN,Fazalhaq Farooqi,4,0,33,3,0,2,8.2,fazalhaq farooqi,AFG,P180
INDIA vs AFGHANISTAN,AFGHANISTAN,Nabi,3,0,24,0,0,0,8,mohammad nabi,AFG,P171
INDIA vs AFGHANISTAN,AFGHANISTAN,Naveen-ul-Haq,4,0,40,1,0,3,10,naveen-ul-haq,AFG,P179
INDIA vs AFGHANISTAN,AFGHANISTAN,Rashid Khan (c),4,0,26,3,0,0,6.5,rashid khan,AFG,P172
INDIA vs AFGHANISTAN,AFGHANISTAN,Noor Ahmad,3,0,30,0,0,1,10,noor ahmad,AFG,P178
INDIA vs AFGHANISTAN,AFGHANISTAN,Azmatullah,2,0,23,0,0,2,11.5,azmatullah omarzai,AFG,P170
INDIA vs AFGHANISTAN,INDIA,Arshdeep Singh,4,0,36,3,0,5,9,arshdeep singh,IND,P13
INDIA vs AFGHANISTAN,INDIA,Jasprit Bumrah,4,1,7,3,0,0,1.8,jasprit bumrah,IND,P14
INDIA vs AFGHANISTAN,INDIA,Axar Patel,3,1,15,1,0,0,5,axar patel,IND,P8
INDIA vs AFGHANISTAN,INDIA,Hardik Pandya,2,0,13,0,0,1,6.5,hardik pandya,IND,P5
INDIA vs AFGHANISTAN,INDIA,Kuldeep Yadav,4,0,32,2,1,1,8,kuldeep yadav,IND,P11
INDIA vs AFGHANISTAN,INDIA,Ravindra Jadeja,3,0,20,1,0,0,6.7,ravindra jadeja,IND,P7
BANGLADESH vs AUSTRALIA,AUSTRALIA,Mitchell Starc,4,0,21,1,0,2,5.2,mitchell starc,AUS,P89
BANGLADESH vs AUSTRALIA,AUSTRALIA,Hazlewood,4,1,25,0,0,1,6.2,josh hazlewood,AUS,P88
BANGLADESH vs AUSTRALIA,AUSTRALIA,Cummins,4,0,29,3,0,7,7.2,pat cummins,AUS,P86
BANGLADESH vs AUSTRALIA,AUSTRALIA,Zampa,4,0,24,2,0,0,6,adam zampa,AUS,P90
BANGLADESH vs AUSTRALIA,AUSTRALIA,Stoinis,2,0,24,1,0,1,12,marcus stoinis,AUS,P82
BANGLADESH vs AUSTRALIA,AUSTRALIA,Maxwell,2,0,14,1,0,0,7,glenn maxwell,AUS,P81
BANGLADESH vs AUSTRALIA,BANGLADESH,Mahedi Hasan,4,0,22,0,0,0,5.5,mahedi hasan,BAN,P281
BANGLADESH vs AUSTRALIA,BANGLADESH,Tanzim Hasan Sakib,1,0,9,0,0,0,9,tanzim hasan sakib,BAN,P289
BANGLADESH vs AUSTRALIA,BANGLADESH,Taskin Ahmed,1.2,0,22,0,0,0,16.5,taskin ahmed,BAN,P284
BANGLADESH vs AUSTRALIA,BANGLADESH,Mustafizur Rahman,2,0,23,0,0,0,11.5,mustafizur rahman,BAN,P287
BANGLADESH vs AUSTRALIA,BANGLADESH,Rishad Hossain,3,0,23,2,0,0,7.7,rishad hossain,BAN,P286
SOUTH AFRICA vs ENGLAND,ENGLAND,R Topley,4,0,23,0,0,2,5.8,reece topley,ENG,P44
SOUTH AFRICA vs ENGLAND,ENGLAND,Moeen,3,0,25,1,0,0,8.3,moeen ali,ENG,P33
SOUTH AFRICA vs ENGLAND,ENGLAND,Jofra Archer,4,0,40,3,0,1,10,jofra archer,ENG,P40
SOUTH AFRICA vs ENGLAND,ENGLAND,Sam Curran,3,0,29,0,0,1,9.7,sam curran,ENG,P36
SOUTH AFRICA vs ENGLAND,ENGLAND,Adil Rashid,4,0,20,1,0,0,5,adil rashid,ENG,P43
SOUTH AFRICA vs ENGLAND,ENGLAND,Mark Wood,2,0,22,0,0,2,11,mark wood,ENG,P45
SOUTH AFRICA vs ENGLAND,SOUTH AFRICA,Marco Jansen,4,0,31,0,1,0,7.8,marco jansen,RSA,P124
SOUTH AFRICA vs ENGLAND,SOUTH AFRICA,Kagiso Rabada,4,0,32,2,0,2,8,kagiso rabada,RSA,P134
SOUTH AFRICA vs ENGLAND,SOUTH AFRICA,Keshav Maharaj,4,0,25,2,0,0,6.2,keshav maharaj,RSA,P132
SOUTH AFRICA vs ENGLAND,SOUTH AFRICA,Ottneil Baartman,3,0,27,1,0,0,9,ottneil baartman,RSA,P129
SOUTH AFRICA vs ENGLAND,SOUTH AFRICA,Anrich Nortje,4,0,35,1,0,1,8.8,anrich nortje,RSA,P133
SOUTH AFRICA vs ENGLAND,SOUTH AFRICA,Aiden Markram (c),1,0,4,0,0,0,4,aiden markram,RSA,P121
UNITED STATES OF AMERICA vs WEST INDIES,WEST INDIES,Akeal Hosein,3,0,13,0,0,0,4.3,akeal hosein,WI,P212
UNITED STATES OF AMERICA vs WEST INDIES,WEST INDIES,Russell,3.5,0,31,3,0,3,8.1,andre russell,WI,P204
UNITED STATES OF AMERICA vs WEST INDIES,WEST INDIES,Obed McCoy,2,0,20,0,0,1,10,obed mccoy,WI,P213
UNITED STATES OF AMERICA vs WEST INDIES,WEST INDIES,Alzarri Joseph,4,0,31,2,1,1,7.8,alzarri joseph,WI,P210
UNITED STATES OF AMERICA vs WEST INDIES,WEST INDIES,Motie,3,0,14,1,0,0,4.7,gudakesh motie,WI,P206
UNITED STATES OF AMERICA vs WEST INDIES,WEST INDIES,Roston Chase,4,0,19,3,0,1,4.8,roston chase,WI,P203
UNITED STATES OF AMERICA vs WEST INDIES,UNITED STATES OF AMERICA,Saurabh Netravalkar,2.5,0,31,0,0,0,10.9,saurabh netravalkar,USA,P75
UNITED STATES OF AMERICA vs WEST INDIES,UNITED STATES OF AMERICA,Nosthush Kenjige,1,0,11,0,0,0,11,nosthush kenjige,USA,P74
UNITED STATES OF AMERICA vs WEST INDIES,UNITED STATES OF AMERICA,Ali Khan,2,0,18,0,0,2,9,ali khan,USA,P72
UNITED STATES OF AMERICA vs WEST INDIES,UNITED STATES OF AMERICA,Harmeet Singh,2,0,18,1,0,0,9,harmeet singh,USA,P66
UNITED STATES OF AMERICA vs WEST INDIES,UNITED STATES OF AMERICA,Shadley van Schalkwyk,2,0,29,0,0,1,14.5,shadley van schalkwyk,USA,P68
UNITED STATES OF AMERICA vs WEST INDIES,UNITED STATES OF AMERICA,Milind Kumar,1,0,22,0,0,2,22,milind kumar,USA,P63
INDIA vs BANGLADESH,BANGLADESH,Mahedi Hasan,4,0,28,0,0,0,7,mahedi hasan,BAN,P281
INDIA vs BANGLADESH,BANGLADESH,Shakib,3,0,37,1,0,1,12.3,shakib al hasan,BAN,P279
INDIA vs BANGLADESH,BANGLADESH,Tanzim Hasan Sakib,4,0,32,2,0,1,8,tanzim hasan sakib,BAN,P289
INDIA vs BANGLADESH,BANGLADESH,Mustafizur,4,0,48,0,1,1,12,mustafizur rahman,BAN,P287
INDIA vs BANGLADESH,BANGLADESH,Rishad Hossain,3,0,43,2,0,2,14.3,rishad hossain,BAN,P286
INDIA vs BANGLADESH,BANGLADESH,Mahmudullah,2,0,8,0,0,1,4,mahmudullah,BAN,P280
INDIA vs BANGLADESH,INDIA,Arshdeep Singh,4,0,30,2,0,1,7.5,arshdeep singh,IND,P13
INDIA vs BANGLADESH,INDIA,Jasprit Bumrah,4,0,13,2,0,0,3.2,jasprit bumrah,IND,P14
INDIA vs BANGLADESH,INDIA,Axar Patel,2,0,26,0,0,0,13,axar patel,IND,P8
INDIA vs BANGLADESH,INDIA,Hardik Pandya,3,0,32,1,0,2,10.7,hardik pandya,IND,P5
INDIA vs BANGLADESH,INDIA,Ravindra Jadeja,3,0,24,0,0,0,8,ravindra jadeja,IND,P7
INDIA vs BANGLADESH,INDIA,Kuldeep Yadav,4,0,19,3,0,0,4.8,kuldeep yadav,IND,P11
AFGHANISTAN vs AUSTRALIA,AUSTRALIA,Agar,4,1,17,0,0,0,4.2,ashton agar,AUS,P83
AFGHANISTAN vs AUSTRALIA,AUSTRALIA,Hazlewood,4,0,39,0,0,1,9.8,josh hazlewood,AUS,P88
AFGHANISTAN vs AUSTRALIA,AUSTRALIA,Cummins,4,0,28,3,0,1,7,pat cummins,AUS,P86
AFGHANISTAN vs AUSTRALIA,AUSTRALIA,Zampa,4,0,28,2,0,1,7,adam zampa,AUS,P90
AFGHANISTAN vs AUSTRALIA,AUSTRALIA,Maxwell,2,0,12,0,0,1,6,glenn maxwell,AUS,P81
AFGHANISTAN vs AUSTRALIA,AUSTRALIA,Stoinis,2,0,19,1,0,0,9.5,marcus stoinis,AUS,P82
AFGHANISTAN vs AUSTRALIA,AFGHANISTAN,Naveen-ul-Haq,4,0,20,3,0,0,5,naveen-ul-haq,AFG,P179
AFGHANISTAN vs AUSTRALIA,AFGHANISTAN,Fazalhaq Farooqi,3,0,21,0,1,0,7,fazalhaq farooqi,AFG,P180
AFGHANISTAN vs AUSTRALIA,AFGHANISTAN,Azmatullah Omarzai,1.2,0,10,1,0,0,7.5,azmatullah omarzai,AFG,P170
AFGHANISTAN vs AUSTRALIA,AFGHANISTAN,Mohammad Nabi,1,0,1,1,0,0,1,mohammad nabi,AFG,P171
AFGHANISTAN vs AUSTRALIA,AFGHANISTAN,Nangeyalia Kharote,1,0,13,0,0,0,13,nangeyalia kharote,AFG,P174
AFGHANISTAN vs AUSTRALIA,AFGHANISTAN,Rashid Khan (c),4,0,23,1,0,2,5.8,rashid khan,AFG,P172
AFGHANISTAN vs AUSTRALIA,AFGHANISTAN,Noor Ahmad,1,0,11,0,0,5,11,noor ahmad,AFG,P178
AFGHANISTAN vs AUSTRALIA,AFGHANISTAN,Gulbadin Naib,4,0,20,4,0,0,5,gulbadin naib,AFG,P169
UNITED STATES OF AMERICA vs ENGLAND,ENGLAND,R Topley,3,0,29,1,0,0,9.7,reece topley,ENG,P44
UNITED STATES OF AMERICA vs ENGLAND,ENGLAND,Jofra Archer,3,0,16,0,0,0,5.3,jofra archer,ENG,P40
UNITED STATES OF AMERICA vs ENGLAND,ENGLAND,Sam Curran,2,0,23,2,0,0,11.5,sam curran,ENG,P36
UNITED STATES OF AMERICA vs ENGLAND,ENGLAND,Adil Rashid,4,0,13,2,0,1,3.2,adil rashid,ENG,P43
UNITED STATES OF AMERICA vs ENGLAND,ENGLAND,Livingstone,4,0,24,1,0,0,6,liam livingstone,ENG,P35
UNITED STATES OF AMERICA vs ENGLAND,ENGLAND,Chris Jordan,2.5,0,10,4,0,0,3.5,chris jordan,ENG,P42
UNITED STATES OF AMERICA vs ENGLAND,UNITED STATES OF AMERICA,Saurabh Netravalkar,2,0,21,0,0,0,10.5,saurabh netravalkar,USA,P75
UNITED STATES OF AMERICA vs ENGLAND,UNITED STATES OF AMERICA,Harmeet Singh,2,0,36,0,0,2,18,harmeet singh,USA,P66
UNITED STATES OF AMERICA vs ENGLAND,UNITED STATES OF AMERICA,Nosthush Kenjige,2,0,19,0,0,0,9.5,nosthush kenjige,USA,P74
UNITED STATES OF AMERICA vs ENGLAND,UNITED STATES OF AMERICA,Ali Khan,2,0,26,0,0,6,13,ali khan,USA,P72
UNITED STATES OF AMERICA vs ENGLAND,UNITED STATES OF AMERICA,Shadley van Schalkwyk,1.4,0,15,0,1,0,9,shadley van schalkwyk,USA,P68
WEST INDIES vs SOUTH AFRICA,SOUTH AFRICA,Marco Jansen,2,0,17,1,0,4,8.5,marco jansen,RSA,P124
WEST INDIES vs SOUTH AFRICA,SOUTH AFRICA,Markram (c),4,0,28,1,0,2,7,aiden markram,RSA,P121
WEST INDIES vs SOUTH AFRICA,SOUTH AFRICA,Maharaj,4,0,24,1,0,0,6,keshav maharaj,RSA,P132
WEST INDIES vs SOUTH AFRICA,SOUTH AFRICA,Nortje,4,0,26,0,0,2,6.5,anrich nortje,RSA,P133
WEST INDIES vs SOUTH AFRICA,SOUTH AFRICA,Shamsi,4,0,27,3,0,0,6.8,tabraiz shamsi,RSA,P135
WEST INDIES vs SOUTH AFRICA,SOUTH AFRICA,Rabada,2,0,11,1,0,0,5.5,kagiso rabada,RSA,P134
WEST INDIES vs SOUTH AFRICA,WEST INDIES,Akeal Hosein,3,0,31,0,0,0,10.3,akeal hosein,WI,P212
WEST INDIES vs SOUTH AFRICA,WEST INDIES,Andre Russell,4,0,19,2,0,1,4.8,andre russell,WI,P204
WEST INDIES vs SOUTH AFRICA,WEST INDIES,Alzarri Joseph,4,0,25,2,0,5,6.2,alzarri joseph,WI,P210
WEST INDIES vs SOUTH AFRICA,WEST INDIES,Gudakesh Motie,1,0,20,0,0,0,20,gudakesh motie,WI,P206
WEST INDIES vs SOUTH AFRICA,WEST INDIES,Obed McCoy,1.1,0,15,0,0,3,12.9,obed mccoy,WI,P213
WEST INDIES vs SOUTH AFRICA,WEST INDIES,Roston Chase,3,0,12,3,0,0,4,roston chase,WI,P203
INDIA vs AUSTRALIA,AUSTRALIA,Mitchell Starc,4,0,45,2,0,1,11.2,mitchell starc,AUS,P89
INDIA vs AUSTRALIA,AUSTRALIA,Hazlewood,4,0,14,1,0,0,3.5,josh hazlewood,AUS,P88
INDIA vs AUSTRALIA,AUSTRALIA,Cummins,4,0,48,0,0,0,12,pat cummins,AUS,P86
INDIA vs AUSTRALIA,AUSTRALIA,Zampa,4,0,41,0,0,0,10.2,adam zampa,AUS,P90
INDIA vs AUSTRALIA,AUSTRALIA,Stoinis,4,0,56,2,0,1,14,marcus stoinis,AUS,P82
INDIA vs AUSTRALIA,INDIA,Arshdeep Singh,4,0,37,3,0,2,9.2,arshdeep singh,IND,P13
INDIA vs AUSTRALIA,INDIA,Jasprit Bumrah,4,0,29,1,0,0,7.2,jasprit bumrah,IND,P14
INDIA vs AUSTRALIA,INDIA,Axar Patel,3,0,21,1,0,0,7,axar patel,IND,P8
INDIA vs AUSTRALIA,INDIA,Hardik Pandya,4,0,47,0,0,1,11.8,hardik pandya,IND,P5
INDIA vs AUSTRALIA,INDIA,Kuldeep Yadav,4,0,24,2,0,0,6,kuldeep yadav,IND,P11
INDIA vs AUSTRALIA,INDIA,Ravindra Jadeja,1,0,17,0,0,0,17,ravindra jadeja,IND,P7
AFGHANISTAN vs BANGLADESH,BANGLADESH,Tanzim Hasan Sakib,4,0,36,0,0,5,9,tanzim hasan sakib,BAN,P289
AFGHANISTAN vs BANGLADESH,BANGLADESH,Taskin Ahmed,4,1,12,1,0,0,3,taskin ahmed,BAN,P284
AFGHANISTAN vs BANGLADESH,BANGLADESH,Shakib,4,0,19,0,0,0,4.8,shakib al hasan,BAN,P279
AFGHANISTAN vs BANGLADESH,BANGLADESH,Mustafizur,4,0,17,1,0,0,4.2,mustafizur rahman,BAN,P287
AFGHANISTAN vs BANGLADESH,BANGLADESH,Rishad Hossain,4,0,26,3,0,3,6.5,rishad hossain,BAN,P286
AFGHANISTAN vs BANGLADESH,AFGHANISTAN,Naveen-ul-Haq,3.5,0,26,4,0,0,6.8,naveen-ul-haq,AFG,P179
AFGHANISTAN vs BANGLADESH,AFGHANISTAN,Fazalhaq Farooqi,2,0,15,1,0,2,7.5,fazalhaq farooqi,AFG,P180
AFGHANISTAN vs BANGLADESH,AFGHANISTAN,Mohammad Nabi,2,0,15,0,0,0,7.5,mohammad nabi,AFG,P171
AFGHANISTAN vs BANGLADESH,AFGHANISTAN,Rashid Khan (c),4,0,23,4,0,1,5.8,rashid khan,AFG,P172
AFGHANISTAN vs BANGLADESH,AFGHANISTAN,Noor Ahmad,4,0,13,0,0,0,3.2,noor ahmad,AFG,P178
AFGHANISTAN vs BANGLADESH,AFGHANISTAN,Gulbadin Naib,2,0,5,1,0,0,2.5,gulbadin naib,AFG,P169
AFGHANISTAN vs SOUTH AFRICA,SOUTH AFRICA,Marco Jansen,3,0,16,3,0,4,5.3,marco jansen,RSA,P124
AFGHANISTAN vs SOUTH AFRICA,SOUTH AFRICA,Maharaj,1,0,6,0,0,0,6,keshav maharaj,RSA,P132
AFGHANISTAN vs SOUTH AFRICA,SOUTH AFRICA,Rabada,3,1,14,2,0,0,4.7,kagiso rabada,RSA,P134
AFGHANISTAN vs SOUTH AFRICA,SOUTH AFRICA,Nortje,3,0,7,2,0,1,2.3,anrich nortje,RSA,P133
AFGHANISTAN vs SOUTH AFRICA,SOUTH AFRICA,Shamsi,1.5,0,6,3,0,1,3.3,tabraiz shamsi,RSA,P135
AFGHANISTAN vs SOUTH AFRICA,AFGHANISTAN,Naveen-ul-Haq,3,0,15,0,0,1,5,naveen-ul-haq,AFG,P179
AFGHANISTAN vs SOUTH AFRICA,AFGHANISTAN,Fazalhaq Farooqi,2,0,11,1,0,1,5.5,fazalhaq farooqi,AFG,P180
AFGHANISTAN vs SOUTH AFRICA,AFGHANISTAN,Rashid Khan (c),1,0,8,0,0,0,8,rashid khan,AFG,P172
AFGHANISTAN vs SOUTH AFRICA,AFGHANISTAN,Azmatullah Omarzai,1.5,0,18,0,1,0,9.8,azmatullah omarzai,AFG,P170
AFGHANISTAN vs SOUTH AFRICA,AFGHANISTAN,Gulbadin Naib,1,0,8,0,0,0,8,gulbadin naib,AFG,P169
INDIA vs ENGLAND,ENGLAND,R Topley,3,0,25,1,0,0,8.3,reece topley,ENG,P44
INDIA vs ENGLAND,ENGLAND,Jofra Archer,4,0,33,1,0,0,8.2,jofra archer,ENG,P40
INDIA vs ENGLAND,ENGLAND,Sam Curran,2,0,25,1,0,0,12.5,sam curran,ENG,P36
INDIA vs ENGLAND,ENGLAND,Adil Rashid,4,0,25,1,0,0,6.2,adil rashid,ENG,P43
INDIA vs ENGLAND,ENGLAND,Chris Jordan,3,0,37,3,0,0,12.3,chris jordan,ENG,P42
INDIA vs ENGLAND,ENGLAND,Livingstone,4,0,24,0,0,1,6,liam livingstone,ENG,P35
INDIA vs ENGLAND,INDIA,Arshdeep Singh,2,0,17,0,0,0,8.5,arshdeep singh,IND,P13
INDIA vs ENGLAND,INDIA,Jasprit Bumrah,2.4,0,12,2,0,0,4.5,jasprit bumrah,IND,P14
INDIA vs ENGLAND,INDIA,Axar Patel,4,0,23,3,0,0,5.8,axar patel,IND,P8
INDIA vs ENGLAND,INDIA,Kuldeep Yadav,4,0,19,3,0,0,4.8,kuldeep yadav,IND,P11
INDIA vs ENGLAND,INDIA,Ravindra Jadeja,3,0,16,0,0,0,5.3,ravindra jadeja,IND,P7
INDIA vs ENGLAND,INDIA,Hardik Pandya,1,0,14,0,0,0,14,hardik pandya,IND,P5
INDIA vs SOUTH AFRICA,SOUTH AFRICA,Marco Jansen,4,0,49,1,1,1,12.2,marco jansen,RSA,P124
INDIA vs SOUTH AFRICA,SOUTH AFRICA,Maharaj,3,0,23,2,0,0,7.7,keshav maharaj,RSA,P132
INDIA vs SOUTH AFRICA,SOUTH AFRICA,Rabada,4,0,36,1,0,2,9,kagiso rabada,RSA,P134
INDIA vs SOUTH AFRICA,SOUTH AFRICA,Markram (c),2,0,16,0,0,0,8,aiden markram,RSA,P121
INDIA vs SOUTH AFRICA,SOUTH AFRICA,Nortje,4,0,26,2,0,2,6.5,anrich nortje,RSA,P133
INDIA vs SOUTH AFRICA,SOUTH AFRICA,Shamsi,3,0,26,0,0,1,8.7,tabraiz shamsi,RSA,P135
INDIA vs SOUTH AFRICA,INDIA,Arshdeep Singh,4,0,20,2,0,0,5,arshdeep singh,IND,P13
INDIA vs SOUTH AFRICA,INDIA,Jasprit Bumrah,4,0,18,2,0,0,4.5,jasprit bumrah,IND,P14
INDIA vs SOUTH AFRICA,INDIA,Axar Patel,4,0,49,1,0,2,12.2,axar patel,IND,P8
INDIA vs SOUTH AFRICA,INDIA,Kuldeep Yadav,4,0,45,0,0,0,11.2,kuldeep yadav,IND,P11
INDIA vs SOUTH AFRICA,INDIA,Hardik Pandya,3,0,20,3,1,1,6.7,hardik pandya,IND,P5
INDIA vs SOUTH AFRICA,INDIA,Ravindra Jadeja,1,0,12,0,0,0,12,ravindra jadeja,IND,P7
